1, startseq
2, man
3, with
4, red
5, helmet
6, on
7, small
8, moped
9, dirt
10, road
11, endseq
12, riding
13, motor
14, bike
15, the
16, countryside
17, back
18, of
19, motorcycle
20, path
21, young
22, person
23, rests
24, to
25, foreground
26, verdant
27, area
28, bridge
29, and
30, background
31, mountains
32, in
33, shirt
34, hat
35, is
36, hill
37, side
38, woman
39, wearing
40, net
41, her
42, head
43, cutting
44, cake
45, large
46, white
47, sheet
48, hair
49, there
50, that
51, marking
52, chefs
53, knife
54, child
55, holding
56, flowered
57, umbrella
58, petting
59, yak
60, an
61, next
62, herd
63, cattle
64, boy
65, barefoot
66, touching
67, horn
68, cow
69, who
70, while
71, standing
72, livestock
73, front
74, computer
75, keyboard
76, little
77, headphones
78, looking
79, at
80, monitor
81, he
82, listening
83, intently
84, school
85, stares
86, up
87, kid
88, phones
89, using
90, one
91, long
92, row
93, computers
94, earphones
95, something
96, group
97, people
98, sitting
99, desk
100, children
101, stations
102, table
103, plays
104, room
105, cat
106, girl
107, smiles
108, as
109, she
110, holds
111, wears
112, brightly
113, colored
114, skirt
115, kitchen
116, working
117, carrying
118, soft
119, toy
120, intent
121, blowing
122, out
123, candle
124, preparing
125, blow
126, single
127, bowl
128, birthday
129, icecream
130, getting
131, ready
132, dessert
133, commercial
134, stainless
135, pot
136, food
137, cooking
138, some
139, sits
140, has
141, all
142, steel
143, appliances
144, counters
145, sink
146, many
147, machines
148, cooks
149, stove
150, two
151, men
152, aprons
153, professional
154, metallic
155, style
156, around
157, prepare
158, several
159, plates
160, shirts
161, restaurant
162, are
163, someone
164, ordered
165, this
166, chef
167, pans
168, oven
169, near
170, very
171, dark
172, picture
173, shelf
174, cluttered
175, wall
176, view
177, messy
178, shelves
179, storage
180, wood
181, walls
182, dim
183, lit
184, consisting
185, objects
186, put
187, together
188, filled
189, black
190, lots
191, counter
192, top
193, space
194, brown
195, cabinets
196, tea
197, kettle
198, microwave
199, glass
200, wooden
201, modern
202, may
203, different
204, items
205, sinks
206, toilet
207, various
208, cleaning
209, dish
210, washing
211, station
212, it
213, mop
214, bucket
215, industrial
216, bicycle
217, train
218, but
219, guy
220, his
221, past
222, traveling
223, along
224, tracks
225, narrow
226, utensils
227, galley
228, both
229, sides
230, hallway
231, leading
232, into
233, doorway
234, refrigerator
235, pantry
236, door
237, closed
238, floors
239, furniture
240, beautiful
241, open
242, dining
243, features
244, island
245, center
246, windows
247, made
248, mostly
249, laptop
250, spacious
251, full
252, eating
253, vegetables
254, forks
255, mouth
256, assortment
257, mixed
258, eats
259, plate
260, fresh
261, from
262, shown
263, variety
264, plaid
265, curtains
266, metal
267, older
268, tops
269, empty
270, glasses
271, bottles
272, placed
273, performing
274, kickflip
275, skateboard
276, city
277, street
278, doing
279, trick
280, jumps
281, air
282, beneath
283, him
284, skateboarder
285, flipping
286, board
287, kitchenette
288, uses
289, great
290, efficiency
291, image
292, setting
293, loaded
294, pickup
295, truck
296, number
297, things
298, crowded
299, overloaded
300, old
301, pick
302, over
303, cargo
304, carries
305, amount
306, few
307, ball
308, stick
309, spoons
310, selection
311, tools
312, lined
313, multiple
314, surrounded
315, by
316, chairs
317, laid
318, across
319, boat
320, mean
321, wheels
322, bunch
323, aboard
324, being
325, rolled
326, trailer
327, cart
328, students
329, workstation
330, examines
331, lap
332, hand
333, other
334, mouse
335, use
336, reading
337, material
338, elephant
339, water
340, creek
341, forest
342, river
343, rides
344, couple
345, women
346, home
347, dinner
348, lights
349, huge
350, pan
351, inside
352, granite
353, baby
354, laying
355, down
356, teddy
357, bear
358, crib
359, stuffed
360, gloves
361, lying
362, left
363, taking
364, lays
365, beside
366, lies
367, blue
368, green
369, bedding
370, bikers
371, building
372, shots
373, bicycles
374, streets
375, tall
376, bikes
377, photos
378, approaching
379, bird
380, three
381, riders
382, trees
383, pigeon
384, coming
385, smiling
386, colorful
387, bicyclists
388, park
389, kitten
390, fence
391, tank
392, yard
393, yellow
394, kitty
395, bathroom
396, just
397, toliet
398, section
399, lighting
400, cabinet
401, mirror
402, been
403, cleaned
404, store
405, shows
406, males
407, leaning
408, toward
409, adjust
410, shop
411, employee
412, helping
413, customer
414, talking
415, about
416, shower
417, stall
418, interesting
419, tile
420, focal
421, point
422, perspective
423, washroom
424, under
425, stand
426, persons
427, reflection
428, behind
429, mirrored
430, corner
431, bathtub
432, mirrors
433, tub
434, doors
435, beige
436, bedroom
437, another
438, double
439, carpeted
440, floor
441, vanity
442, opens
443, diamond
444, patterned
445, onto
446, walk
447, closet
448, walkin
449, jacuzzi
450, tiled
451, adjoining
452, flowers
453, shot
454, includes
455, letter
456, framed
457, potted
458, plant
459, tissue
460, commode
461, enclosed
462, clean
463, featuring
464, ride
465, busy
466, lane
467, passing
468, burger
469, king
470, most
471, not
472, nice
473, displayed
474, piece
475, interior
476, scene
477, furnishings
478, including
479, dogs
480, they
481, restroom
482, camera
483, currently
484, repair
485, photograph
486, undergoing
487, major
488, renovations
489, process
490, remodeling
491, where
492, installed
493, construction
494, unfinished
495, plumbing
496, for
497, guests
498, bath
499, standup
500, which
501, covered
502, tiles
503, without
504, curtain
505, held
506, walled
507, see
508, through
509, faded
510, paint
511, no
512, panel
513, needs
514, be
515, painted
516, dust
517, brush
518, low
519, rough
520, close
521, pale
522, cement
523, broom
524, window
525, fixtures
526, contains
527, well
528, above
529, them
530, equipment
531, fire
532, extinguisher
533, photo
534, porcelain
535, posed
536, tan
537, flower
538, ground
539, curb
540, house
541, lawn
542, sidewalk
543, outside
544, gray
545, locked
546, chained
547, hanging
548, median
549, lady
550, divider
551, takes
552, public
553, big
554, flooring
555, each
556, used
557, us
558, multicolored
559, pedestal
560, cars
561, driving
562, highway
563, traffic
564, stop
565, intersection
566, sit
567, asia
568, taxi
569, cabs
570, buildings
571, heavy
572, going
573, direction
574, stuck
575, high
576, way
577, parking
578, late
579, evening
580, parked
581, wires
582, break
583, glow
584, waits
585, signs
586, opened
587, like
588, mug
589, himself
590, self
591, cell
592, phone
593, selfie
594, bare
595, varying
596, awaits
597, cabinetry
598, meters
599, series
600, located
601, meter
602, car
603, elegant
604, decorations
605, fashion
606, gold
607, feet
608, lovely
609, claw
610, foot
611, seen
612, stuff
613, shelving
614, unit
615, between
616, hygiene
617, products
618, wrong
619, additional
620, medicine
621, urinal
622, mounted
623, pair
624, tongs
625, thing
626, glazed
627, donut
628, rod
629, tasty
630, treat
631, antenna
632, orange
633, striped
634, tabby
635, vehicles
636, wheel
637, fluffy
638, tail
639, tire
640, vehicle
641, hiding
642, fender
643, jetliner
644, flying
645, airplane
646, flies
647, sky
648, comes
649, land
650, plane
651, silver
652, bus
653, lot
654, parks
655, metro
656, outdoor
657, resting
658, playing
659, stepping
660, playground
661, skateboarding
662, jacket
663, attire
664, tie
665, eyes
666, dressed
667, necktie
668, nicely
669, surfboards
670, field
671, fashioned
672, retro
673, light
674, wagon
675, surfboard
676, cop
677, police
678, officer
679, cops
680, backpack
681, book
682, bag
683, stone
684, floored
685, possibly
686, lid
687, blurry
688, seat
689, perched
690, was
691, position
692, revealing
693, non
694, transparent
695, plain
696, birds
697, church
698, spire
699, decorative
700, roof
701, clock
702, tower
703, towering
704, its
705, steeple
706, fly
707, driveway
708, license
709, luxurious
710, hedge
711, showing
712, container
713, crosses
714, decorated
715, base
716, designed
717, neck
718, shut
719, off
720, sort
721, religious
722, object
723, shiny
724, picking
725, bananas
726, bunches
727, attending
728, bundles
729, grabbing
730, stack
731, pile
732, sun
733, plaque
734, middle
735, decor
736, decoration
737, decal
738, horses
739, grazing
740, pasture
741, filed
742, grass
743, horse
744, drawn
745, carriage
746, walking
747, pass
748, outdoors
749, pavement
750, discarded
751, someones
752, display
753, crowd
754, shopping
755, graze
756, amid
757, snow
758, melting
759, spot
760, estate
761, wind
762, indicator
763, weather
764, vane
765, clear
766, cycle
767, tree
768, unattended
769, roadway
770, trash
771, can
772, compact
773, waste
774, bin
775, toilette
776, purple
777, brick
778, sport
779, motorbike
780, blur
781, against
782, office
783, works
784, motorcycles
785, hats
786, their
787, bowls
788, bottle
789, cinnamon
790, sugar
791, cereal
792, milk
793, desert
794, mashed
795, oatmeal
796, eat
797, rows
798, helmets
799, motorbikes
800, line
801, set
802, makes
803, tightly
804, columns
805, grouped
806, ally
807, neighborhood
808, alley
809, lush
810, mopeds
811, scooter
812, hope
813, setup
814, printer
815, scanner
816, extra
817, tablet
818, overlooking
819, closeup
820, oneway
821, straight
822, ahead
823, lanes
824, heading
825, motorized
826, scooters
827, stopped
828, living
829, tv
830, lamp
831, screen
832, television
833, flat
834, surround
835, sound
836, country
837, swiftly
838, case
839, packed
840, boxed
841, delivery
842, market
843, packaged
844, boxes
845, cardboard
846, box
847, plastic
848, unopened
849, perfectly
850, ripe
851, barrel
852, or
853, plantains
854, piled
855, containers
856, depicting
857, writing
858, ticket
859, rider
860, race
861, track
862, racetrack
863, racer
864, performance
865, pitcher
866, beverage
867, slices
868, cold
869, juice
870, beer
871, cup
872, stands
873, containing
874, liquid
875, sliced
876, oranges
877, wide
878, nearing
879, nearby
880, electric
881, facade
882, town
883, bread
884, basket
885, newspaper
886, grey
887, wine
888, winery
889, among
890, bench
891, entrance
892, cottage
893, cabin
894, garden
895, dog
896, watches
897, animal
898, facing
899, away
900, watching
901, wildlife
902, hound
903, rug
904, advertising
905, arizona
906, airport
907, baggage
908, claim
909, terminal
910, displaying
911, ad
912, jumping
913, news
914, passes
915, find
916, taken
917, four
918, engine
919, jet
920, transport
921, grassy
922, jumbo
923, landing
924, flight
925, china
926, sign
927, runway
928, airfield
929, safety
930, vest
931, arms
932, giving
933, directions
934, controller
935, directing
936, reflective
937, gear
938, airliner
939, sticks
940, vintage
941, propeller
942, planes
943, renovated
944, propellor
945, fighter
946, tarmac
947, pilot
948, war
949, type
950, taxis
951, take
952, towards
953, wet
954, unloading
955, arrival
956, gates
957, airplanes
958, carrier
959, pulls
960, gate
961, boarding
962, passengers
963, fancy
964, emptied
965, plan
966, personal
967, cross
968, pulled
969, crossing
970, signal
971, crosswalk
972, night
973, appearing
974, confusing
975, electronic
976, glows
977, time
978, arrows
979, stripes
980, airstrip
981, model
982, american
983, wings
984, bending
985, check
986, radio
987, operated
988, crouched
989, kneeling
990, miniature
991, cloudy
992, partially
993, day
994, biplane
995, siting
996, sunny
997, lone
998, underneath
999, giraffe
1000, leaves
1001, native
1002, slowly
1003, giraffes
1004, place
1005, wing
1006, pointed
1007, landscape
1008, sandy
1009, hills
1010, rain
1011, mountain
1012, looks
1013, ascends
1014, passenger
1015, beginning
1016, ascent
1017, sheep
1018, beach
1019, farm
1020, animals
1021, bright
1022, sheeps
1023, chewing
1024, hay
1025, hungry
1026, zoo
1027, alone
1028, rocky
1029, shines
1030, drive
1031, skyscrapers
1032, shining
1033, sunlight
1034, elderly
1035, bottom
1036, poster
1037, billboard
1038, art
1039, installation
1040, stopping
1041, get
1042, doesnt
1043, appear
1044, anyone
1045, waiting
1046, africa
1047, goes
1048, vast
1049, expanse
1050, puffy
1051, clouds
1052, fill
1053, den
1054, licks
1055, limb
1056, strangely
1057, lick
1058, branch
1059, bark
1060, glowing
1061, clearly
1062, visible
1063, pole
1064, attached
1065, sets
1066, drinking
1067, drink
1068, pond
1069, awkwardly
1070, sips
1071, puddle
1072, knees
1073, rocks
1074, stroll
1075, bush
1076, rub
1077, necks
1078, paths
1079, pin
1080, enclosure
1081, hits
1082, body
1083, smaller
1084, exhibit
1085, posted
1086, south
1087, streetlight
1088, directional
1089, naked
1090, stoplight
1091, signals
1092, plants
1093, overgrown
1094, hose
1095, chair
1096, wilderness
1097, creepy
1098, eye
1099, shaped
1100, rear
1101, below
1102, end
1103, situated
1104, vase
1105, woods
1106, dusk
1107, cathedral
1108, direct
1109, illuminated
1110, second
1111, show
1112, if
1113, busted
1114, pedestrian
1115, symbol
1116, sunglasses
1117, walks
1118, herself
1119, commuter
1120, buses
1121, urban
1122, opposite
1123, bent
1124, submerged
1125, flood
1126, waters
1127, grill
1128, flooded
1129, muddy
1130, paper
1131, pier
1132, structure
1133, reaching
1134, greet
1135, extends
1136, onlooker
1137, feeding
1138, approaches
1139, almost
1140, touches
1141, speaking
1142, broken
1143, kids
1144, chips
1145, rusted
1146, pink
1147, hydrant
1148, slightly
1149, rusty
1150, make
1151, look
1152, more
1153, festive
1154, stickers
1155, making
1156, face
1157, sandwich
1158, sticky
1159, sculpture
1160, pushing
1161, inner
1162, courtyard
1163, having
1164, fun
1165, newly
1166, married
1167, emo
1168, hipster
1169, wedding
1170, bride
1171, groom
1172, pose
1173, pictures
1174, leaking
1175, gushing
1176, pouring
1177, spilling
1178, flock
1179, pen
1180, dusted
1181, girls
1182, firefighter
1183, fireman
1184, poking
1185, fired
1186, balloon
1187, zebra
1188, ducks
1189, duck
1190, freeway
1191, states
1192, north
1193, float
1194, parade
1195, towing
1196, wheeled
1197, band
1198, part
1199, swan
1200, floating
1201, flags
1202, tents
1203, docked
1204, bank
1205, shore
1206, lake
1207, backdrop
1208, dry
1209, boats
1210, harbor
1211, seagulls
1212, floats
1213, patch
1214, threw
1215, palm
1216, neon
1217, reflections
1218, streaming
1219, thru
1220, crane
1221, because
1222, warning
1223, languages
1224, vertical
1225, triangle
1226, english
1227, foreign
1228, same
1229, wavy
1230, swimming
1231, ocean
1232, waves
1233, beak
1234, swims
1235, closely
1236, dispenser
1237, gather
1238, fed
1239, surrounding
1240, raised
1241, gathered
1242, mural
1243, heard
1244, scattered
1245, gathering
1246, quiet
1247, growing
1248, post
1249, fruit
1250, apple
1251, travels
1252, historical
1253, travel
1254, tropical
1255, forward
1256, spots
1257, zebras
1258, turns
1259, pack
1260, rd
1261, books
1262, stacked
1263, shelve
1264, rack
1265, types
1266, id
1267, age
1268, says
1269, you
1270, must
1271, enter
1272, cover
1273, cab
1274, indicating
1275, distance
1276, statue
1277, lion
1278, new
1279, york
1280, library
1281, lions
1282, statues
1283, appears
1284, signage
1285, repairing
1286, attaching
1287, work
1288, less
1289, than
1290, mile
1291, trail
1292, hangs
1293, apartment
1294, perches
1295, claws
1296, arrow
1297, points
1298, oil
1299, flag
1300, reads
1301, damaged
1302, word
1303, run
1304, staring
1305, directly
1306, lens
1307, massive
1308, pennsylvania
1309, avenue
1310, stately
1311, adorned
1312, ornate
1313, st
1314, ones
1315, feathers
1316, lettering
1317, adorns
1318, concrete
1319, live
1320, life
1321, painting
1322, sneakers
1323, hang
1324, av
1325, first
1326, shoes
1327, power
1328, lines
1329, cages
1330, sheets
1331, have
1332, clothes
1333, covering
1334, cloth
1335, strapped
1336, advantage
1337, diving
1338, splashes
1339, asian
1340, language
1341, somewhere
1342, poll
1343, interstate
1344, gliding
1345, snowy
1346, range
1347, photographer
1348, rather
1349, name
1350, indicates
1351, pedestrians
1352, during
1353, winter
1354, panting
1355, tongue
1356, goats
1357, cute
1358, adult
1359, rock
1360, sick
1361, hurdle
1362, ramp
1363, crouching
1364, balancing
1365, printed
1366, poles
1367, sticking
1368, posts
1369, similar
1370, hilltop
1371, fields
1372, canadian
1373, geese
1374, swim
1375, alongside
1376, wading
1377, cage
1378, unusual
1379, headed
1380, story
1381, dr
1382, focused
1383, atop
1384, dead
1385, ram
1386, bends
1387, woolly
1388, broadway
1389, advertisement
1390, star
1391, nypd
1392, security
1393, edge
1394, cliff
1395, barn
1396, numerous
1397, interact
1398, explaining
1399, treelined
1400, cones
1401, landscaping
1402, here
1403, shops
1404, selling
1405, dress
1406, poses
1407, walkway
1408, posing
1409, legs
1410, flamingos
1411, shallow
1412, foraging
1413, drives
1414, railroad
1415, trains
1416, scouts
1417, uniform
1418, scout
1419, tiny
1420, angry
1421, fish
1422, guys
1423, bookshelf
1424, conversation
1425, these
1426, costumes
1427, snowboard
1428, mask
1429, crazy
1430, hands
1431, scary
1432, costume
1433, snowboarder
1434, hugged
1435, upward
1436, rounding
1437, bend
1438, curve
1439, moving
1440, graffiti
1441, weathered
1442, spray
1443, elaborate
1444, freight
1445, marked
1446, gas
1447, parrots
1448, log
1449, watering
1450, tin
1451, moves
1452, last
1453, grain
1454, pulling
1455, short
1456, speeds
1457, planter
1458, real
1459, bed
1460, shape
1461, planters
1462, clutter
1463, junction
1464, posters
1465, houses
1466, running
1467, speed
1468, platform
1469, arriving
1470, photographs
1471, peeks
1472, tunnel
1473, overpass
1474, depot
1475, milling
1476, humorous
1477, pictured
1478, sox
1479, supporting
1480, words
1481, written
1482, marker
1483, freshly
1484, plowed
1485, wonderland
1486, suburban
1487, recently
1488, rural
1489, carts
1490, videos
1491, worker
1492, jack
1493, hammer
1494, operating
1495, blond
1496, knitting
1497, sweater
1498, coin
1499, paying
1500, decorating
1501, fake
1502, putting
1503, wrapping
1504, designs
1505, sand
1506, credit
1507, cards
1508, remaining
1509, porch
1510, dock
1511, beam
1512, ledge
1513, rest
1514, sunbathing
1515, milking
1516, authentic
1517, bulldozer
1518, asphalt
1519, machine
1520, vests
1521, dump
1522, pay
1523, loader
1524, workers
1525, own
1526, fat
1527, hauling
1528, funny
1529, logs
1530, travelling
1531, semitruck
1532, shoe
1533, laces
1534, navy
1535, strings
1536, tiger
1537, business
1538, gravel
1539, antique
1540, classic
1541, booth
1542, event
1543, bull
1544, vendor
1545, ox
1546, tow
1547, card
1548, tows
1549, care
1550, towed
1551, luggage
1552, suitcase
1553, owner
1554, amongst
1555, clothing
1556, sleeping
1557, folded
1558, furry
1559, couch
1560, sofa
1561, arm
1562, sad
1563, expression
1564, right
1565, kind
1566, banana
1567, bite
1568, perch
1569, peek
1570, maroon
1571, coffee
1572, recliner
1573, monitors
1574, cows
1575, horizon
1576, grazes
1577, bulls
1578, calmly
1579, fair
1580, piles
1581, stable
1582, lie
1583, stalls
1584, sill
1585, curious
1586, wandering
1587, meadow
1588, cats
1589, lay
1590, fast
1591, asleep
1592, lounging
1593, itself
1594, firetruck
1595, hides
1596, drawers
1597, peaking
1598, flatbed
1599, transporting
1600, load
1601, carry
1602, faced
1603, bushes
1604, kinds
1605, electronics
1606, stereo
1607, others
1608, calf
1609, upon
1610, mud
1611, heads
1612, silo
1613, featured
1614, skies
1615, remote
1616, controls
1617, control
1618, blanket
1619, trucks
1620, stretched
1621, nets
1622, fishing
1623, pontoon
1624, wrecked
1625, umbrellas
1626, shaded
1627, steer
1628, alert
1629, tied
1630, peeking
1631, savannah
1632, elephants
1633, mother
1634, mama
1635, grown
1636, roam
1637, freely
1638, wildebeests
1639, golden
1640, grasses
1641, assorted
1642, ties
1643, racks
1644, neatly
1645, sale
1646, mens
1647, dozens
1648, colors
1649, figurines
1650, ceramic
1651, figurine
1652, photographed
1653, signing
1654, important
1655, documents
1656, papers
1657, suit
1658, suits
1659, also
1660, seated
1661, mediumsized
1662, marina
1663, moored
1664, sizes
1665, sized
1666, moustache
1667, individual
1668, comical
1669, mustache
1670, serious
1671, facial
1672, tying
1673, do
1674, bow
1675, sailboat
1676, lighthouse
1677, ship
1678, upside
1679, turned
1680, shoreline
1681, flipped
1682, entering
1683, groups
1684, trunk
1685, toned
1686, throwing
1687, spraying
1688, besides
1689, indian
1690, jugs
1691, tanks
1692, ridden
1693, ferry
1694, teddybear
1695, tug
1696, jungle
1697, wild
1698, daytime
1699, prairie
1700, dusty
1701, shrubbery
1702, male
1703, tusks
1704, family
1705, formally
1706, habitat
1707, onlookers
1708, docks
1709, cranes
1710, reach
1711, patiently
1712, railing
1713, gazing
1714, sea
1715, port
1716, bring
1717, gated
1718, adults
1719, gun
1720, formal
1721, suspenders
1722, party
1723, sprawled
1724, bags
1725, accessories
1726, spread
1727, thrown
1728, shoulder
1729, paddles
1730, canoe
1731, kayak
1732, rowing
1733, glides
1734, kayaks
1735, canal
1736, congested
1737, within
1738, ships
1739, docking
1740, yachts
1741, rhinoceros
1742, far
1743, rhino
1744, hold
1745, share
1746, wooded
1747, neckties
1748, patterns
1749, color
1750, six
1751, levels
1752, pattern
1753, sailing
1754, crystal
1755, decker
1756, tour
1757, waving
1758, sails
1759, still
1760, extremely
1761, calm
1762, abandoned
1763, leads
1764, following
1765, parasol
1766, gloomy
1767, foggy
1768, embracing
1769, hugging
1770, whos
1771, keeper
1772, caged
1773, bathing
1774, hot
1775, stretching
1776, upwards
1777, feed
1778, grove
1779, pieces
1780, son
1781, guiding
1782, rubbing
1783, captive
1784, branches
1785, parklike
1786, raises
1787, grab
1788, twigs
1789, lifts
1790, wade
1791, wire
1792, touch
1793, trunks
1794, shades
1795, chest
1796, polka
1797, dot
1798, belt
1799, driver
1800, brief
1801, tattoos
1802, tourists
1803, horsedrawn
1804, cases
1805, block
1806, suitcases
1807, louis
1808, animation
1809, scarf
1810, dimensional
1811, images
1812, stylish
1813, drawings
1814, handles
1815, deployed
1816, help
1817, when
1818, rolling
1819, combination
1820, lock
1821, handle
1822, frisbee
1823, catch
1824, trying
1825, briefcase
1826, toddler
1827, persian
1828, carpet
1829, protecting
1830, covers
1831, infant
1832, really
1833, need
1834, match
1835, hotel
1836, deck
1837, adjusting
1838, placing
1839, too
1840, anything
1841, retriever
1842, pool
1843, sleeps
1844, backyard
1845, daily
1846, stories
1847, creature
1848, magazine
1849, always
1850, print
1851, latest
1852, cartoon
1853, characters
1854, airline
1855, stare
1856, puppy
1857, snuggled
1858, pillow
1859, cushions
1860, shaggy
1861, gets
1862, served
1863, broccoli
1864, given
1865, polar
1866, styled
1867, fours
1868, backpacks
1869, hunting
1870, salmon
1871, stream
1872, bears
1873, fallen
1874, toss
1875, disc
1876, smelling
1877, vibrant
1878, game
1879, motion
1880, throw
1881, catching
1882, five
1883, circular
1884, play
1885, waterfront
1886, friends
1887, early
1888, hour
1889, purses
1890, peacefully
1891, pillows
1892, sleepy
1893, disk
1894, female
1895, catches
1896, towel
1897, wetsuit
1898, sunset
1899, rumpled
1900, mattress
1901, terrier
1902, blankets
1903, reflected
1904, campsite
1905, barbecue
1906, grate
1907, fenced
1908, bars
1909, younger
1910, teens
1911, dune
1912, racing
1913, captivity
1914, cliffs
1915, followed
1916, hiker
1917, canyon
1918, hillside
1919, shady
1920, wooly
1921, curly
1922, biting
1923, fighting
1924, involved
1925, fight
1926, playful
1927, teeth
1928, terrain
1929, hind
1930, wrestling
1931, groomed
1932, kite
1933, throws
1934, yelling
1935, leans
1936, plains
1937, grassland
1938, we
1939, shrub
1940, knee
1941, leg
1942, donkey
1943, collage
1944, places
1945, frame
1946, scrub
1947, shrubs
1948, summer
1949, savanna
1950, afternoon
1951, jockeys
1952, cowboys
1953, uniforms
1954, attention
1955, deer
1956, gazelles
1957, portion
1958, buggy
1959, thats
1960, watch
1961, team
1962, farmer
1963, plowing
1964, plow
1965, trotting
1966, hilly
1967, leather
1968, coat
1969, pet
1970, ranch
1971, trainer
1972, horseback
1973, pathway
1974, led
1975, saddle
1976, pony
1977, hairy
1978, bushy
1979, tails
1980, ponies
1981, practicing
1982, certain
1983, tending
1984, trolly
1985, stops
1986, before
1987, pull
1988, trolley
1989, angles
1990, markings
1991, faces
1992, gaze
1993, course
1994, jockey
1995, wait
1996, only
1997, trails
1998, gallops
1999, somewhat
2000, competition
2001, knights
2002, performers
2003, medieval
2004, times
2005, perform
2006, arena
2007, jousting
2008, knight
2009, outfits
2010, character
2011, surface
2012, elegantly
2013, sword
2014, figures
2015, corn
2016, bridle
2017, cream
2018, lead
2019, rope
2020, bun
2021, lettuce
2022, hotdog
2023, ketchup
2024, topped
2025, foods
2026, cheese
2027, meat
2028, cheeses
2029, sausages
2030, fruits
2031, meats
2032, baseball
2033, player
2034, bat
2035, hit
2036, powdered
2037, breakfast
2038, item
2039, pancakes
2040, toppings
2041, sauce
2042, whipped
2043, swinging
2044, players
2045, pitch
2046, hitting
2047, try
2048, lunch
2049, tray
2050, tangerines
2051, pear
2052, apples
2053, pears
2054, array
2055, boys
2056, league
2057, balls
2058, forth
2059, softball
2060, clusters
2061, hung
2062, magazines
2063, slice
2064, ornament
2065, scoop
2066, ice
2067, grocery
2068, supermarket
2069, produce
2070, indoor
2071, winding
2072, prepares
2073, catchers
2074, mitt
2075, attentively
2076, third
2077, engages
2078, defensive
2079, cap
2080, skis
2081, jump
2082, participating
2083, go
2084, surfing
2085, surfer
2086, skiing
2087, chain
2088, link
2089, baskets
2090, etc
2091, buckets
2092, include
2093, potatoes
2094, price
2095, arrangement
2096, saying
2097, how
2098, much
2099, arranged
2100, pitchers
2101, mound
2102, jersey
2103, action
2104, desserts
2105, chocolate
2106, deserts
2107, stalk
2108, peak
2109, slope
2110, mounting
2111, ski
2112, skier
2113, slopes
2114, casts
2115, shadow
2116, bundled
2117, headdress
2118, necklace
2119, outfit
2120, shoulders
2121, laughing
2122, performer
2123, spoon
2124, stir
2125, fry
2126, frying
2127, accompanied
2128, onions
2129, stirs
2130, skiers
2131, salads
2132, cut
2133, pizza
2134, salad
2135, soda
2136, rice
2137, cola
2138, fried
2139, dough
2140, meal
2141, doughnuts
2142, donuts
2143, frosting
2144, bagels
2145, seafood
2146, cooked
2147, shrimp
2148, vegetable
2149, carrots
2150, warm
2151, greeting
2152, celebrating
2153, after
2154, win
2155, fives
2156, jackets
2157, mangoes
2158, pasta
2159, finely
2160, shredded
2161, beef
2162, main
2163, entree
2164, steak
2165, steamed
2166, emerging
2167, bug
2168, fork
2169, twig
2170, candies
2171, junk
2172, sprinkles
2173, cherries
2174, sundae
2175, sweet
2176, treats
2177, chicken
2178, soup
2179, cauliflower
2180, scallions
2181, onion
2182, slicer
2183, celery
2184, mini
2185, stalks
2186, steps
2187, grinding
2188, stairway
2189, chinese
2190, skate
2191, teenager
2192, shells
2193, eaten
2194, mixture
2195, beans
2196, smile
2197, evergreens
2198, aquarium
2199, tape
2200, measure
2201, pants
2202, thick
2203, snowboarding
2204, square
2205, carrot
2206, giant
2207, cricket
2208, insect
2209, ramps
2210, practices
2211, skatepark
2212, protective
2213, patio
2214, hooded
2215, hollywood
2216, skateboards
2217, picked
2218, soil
2219, woven
2220, earth
2221, dirty
2222, learning
2223, cock
2224, boots
2225, toothbrushes
2226, tube
2227, toothpaste
2228, tooth
2229, brushes
2230, paste
2231, skateboarders
2232, skating
2233, rail
2234, stunt
2235, bar
2236, skater
2237, does
2238, railings
2239, manual
2240, tennis
2241, shorts
2242, skiier
2243, happy
2244, demolished
2245, snowman
2246, relish
2247, condiments
2248, monochrome
2249, boards
2250, tricks
2251, slanted
2252, burrito
2253, teenagers
2254, hoodie
2255, boarder
2256, indoors
2257, slides
2258, pickle
2259, snowboards
2260, fort
2261, enjoying
2262, bites
2263, african
2264, wintery
2265, sandwiches
2266, deli
2267, tags
2268, plenty
2269, buy
2270, pastries
2271, muffins
2272, storm
2273, incline
2274, boarders
2275, sausage
2276, chili
2277, garage
2278, crate
2279, buns
2280, regular
2281, styrofoam
2282, wedges
2283, doughnut
2284, sweatshirt
2285, boiled
2286, eggs
2287, picnic
2288, wax
2289, drinks
2290, napkins
2291, weird
2292, what
2293, sliding
2294, bean
2295, chew
2296, missing
2297, enjoys
2298, snowboarders
2299, conversing
2300, geared
2301, rink
2302, gently
2303, roofed
2304, facility
2305, lodge
2306, snack
2307, serving
2308, sweets
2309, bakery
2310, trays
2311, napkin
2312, sprinkled
2313, half
2314, varieties
2315, icing
2316, purchase
2317, baked
2318, goods
2319, twp
2320, fingers
2321, enormous
2322, guest
2323, ten
2324, flavored
2325, toasted
2326, grilled
2327, panini
2328, fries
2329, platter
2330, toothpicks
2331, french
2332, wrapped
2333, bagged
2334, yummy
2335, sprinkle
2336, basketball
2337, tattoo
2338, uniformed
2339, hoop
2340, goal
2341, kicking
2342, soccer
2343, kicks
2344, candles
2345, year
2346, delicious
2347, done
2348, baking
2349, rising
2350, wave
2351, bodysuit
2352, halves
2353, doily
2354, teams
2355, competing
2356, chasing
2357, praying
2358, youth
2359, huddling
2360, coach
2361, kick
2362, contending
2363, tractor
2364, highchair
2365, surfboarder
2366, bringing
2367, breaking
2368, crashing
2369, football
2370, members
2371, deciding
2372, returns
2373, goalie
2374, falls
2375, mate
2376, mom
2377, hospital
2378, hooked
2379, pointing
2380, finger
2381, notebook
2382, childs
2383, toes
2384, fudge
2385, layered
2386, pastry
2387, creme
2388, whip
2389, possible
2390, drying
2391, upright
2392, frames
2393, mattresses
2394, rooms
2395, fireplace
2396, displays
2397, give
2398, drizzled
2399, frosted
2400, attempts
2401, read
2402, novel
2403, instructing
2404, dad
2405, coaches
2406, beds
2407, headboard
2408, differently
2409, twin
2410, cozy
2411, surf
2412, mickey
2413, ears
2414, mouses
2415, resort
2416, privacy
2417, rental
2418, canopy
2419, frowning
2420, pf
2421, surfers
2422, surfboarding
2423, volley
2424, whom
2425, sidebyside
2426, finished
2427, companion
2428, enjoy
2429, carnival
2430, spreads
2431, propped
2432, pizzas
2433, design
2434, were
2435, pies
2436, date
2437, silverware
2438, grabs
2439, racket
2440, racquet
2441, court
2442, raquet
2443, poured
2444, italian
2445, presented
2446, tomatoes
2447, olives
2448, christmas
2449, gifts
2450, holiday
2451, ceiling
2452, veggie
2453, egg
2454, pie
2455, racquets
2456, identical
2457, rackets
2458, sub
2459, pretty
2460, gigantic
2461, novelty
2462, size
2463, females
2464, fencing
2465, seating
2466, vegetarian
2467, holder
2468, gone
2469, nearly
2470, come
2471, serve
2472, traditional
2473, fully
2474, whole
2475, uncut
2476, paddle
2477, cook
2478, slicing
2479, easy
2480, tables
2481, comfy
2482, brushing
2483, toothbrush
2484, bored
2485, ottoman
2486, remotes
2487, oval
2488, pineapple
2489, squatting
2490, compartment
2491, hut
2492, utensil
2493, floss
2494, cleaner
2495, kept
2496, mouthwash
2497, cool
2498, numbered
2499, affixed
2500, pajamas
2501, nightstand
2502, bookshelves
2503, extending
2504, collection
2505, residence
2506, folks
2507, bowling
2508, wii
2509, sports
2510, preparation
2511, interactive
2512, video
2513, sectional
2514, stairs
2515, hardwood
2516, waist
2517, ribbon
2518, fabric
2519, pressing
2520, buttons
2521, nintendo
2522, wand
2523, best
2524, orderly
2525, ceilings
2526, florida
2527, location
2528, couches
2529, lamps
2530, toys
2531, inflatable
2532, sofas
2533, nook
2534, since
2535, shinning
2536, hockey
2537, hard
2538, provide
2539, contrast
2540, desktop
2541, mac
2542, wired
2543, wireless
2544, desks
2545, eastern
2546, descent
2547, lab
2548, screens
2549, information
2550, furnished
2551, partial
2552, project
2553, chandelier
2554, laptops
2555, else
2556, string
2557, tries
2558, let
2559, kites
2560, flown
2561, choppy
2562, multi
2563, attempting
2564, launch
2565, parachute
2566, onlooking
2567, parasailing
2568, windsurfing
2569, sail
2570, skinned
2571, pushed
2572, swing
2573, pushes
2574, rises
2575, higher
2576, any
2577, vicinity
2578, reaches
2579, strange
2580, brass
2581, talk
2582, classroom
2583, split
2584, studying
2585, projection
2586, cookies
2587, projector
2588, triangular
2589, excitedly
2590, patrol
2591, jeep
2592, dragon
2593, bit
2594, erected
2595, local
2596, fronts
2597, batter
2598, catcher
2599, umpire
2600, turn
2601, swung
2602, stadium
2603, spectators
2604, bats
2605, referee
2606, batters
2607, glove
2608, swings
2609, misses
2610, fixed
2611, architectural
2612, scaffolding
2613, midswing
2614, warms
2615, overhead
2616, stance
2617, rolls
2618, call
2619, warming
2620, tball
2621, teaching
2622, tee
2623, fans
2624, photographers
2625, films
2626, receive
2627, entertaining
2628, blood
2629, battle
2630, everywhere
2631, audience
2632, dugout
2633, circle
2634, poised
2635, pepperoni
2636, mushroom
2637, bake
2638, games
2639, fulled
2640, balances
2641, form
2642, returning
2643, return
2644, opponent
2645, rustic
2646, eight
2647, homemade
2648, came
2649, serves
2650, celebrates
2651, reacts
2652, viewed
2653, tournament
2654, doubles
2655, converse
2656, dresses
2657, checkered
2658, pesto
2659, peppers
2660, checked
2661, follows
2662, mushrooms
2663, anchovies
2664, lunging
2665, strike
2666, incoming
2667, shutters
2668, bulb
2669, theres
2670, seems
2671, font
2672, barred
2673, mat
2674, prints
2675, envelope
2676, supplies
2677, adjacent
2678, mugs
2679, tablets
2680, ladies
2681, vases
2682, blown
2683, jars
2684, shapes
2685, extension
2686, cords
2687, toaster
2688, curved
2689, conference
2690, devices
2691, gesture
2692, eagerly
2693, rabbit
2694, bunny
2695, tight
2696, happily
2697, ribbons
2698, alcohol
2699, retail
2700, symbols
2701, pit
2702, falling
2703, apart
2704, wants
2705, plush
2706, childrens
2707, smart
2708, smartphone
2709, iphone
2710, round
2711, device
2712, ipod
2713, charging
2714, cellphone
2715, heels
2716, cubicle
2717, jones
2718, talks
2719, spaghetti
2720, stood
2721, recorder
2722, drawing
2723, pouch
2724, gadgets
2725, pocket
2726, speaks
2727, festival
2728, texting
2729, cel
2730, ear
2731, mobile
2732, attachments
2733, messing
2734, babys
2735, bulletin
2736, refridgerator
2737, fridge
2738, magnets
2739, countertop
2740, studio
2741, freezer
2742, homes
2743, thin
2744, otherwise
2745, accents
2746, build
2747, touring
2748, combo
2749, dated
2750, lemons
2751, lemon
2752, pots
2753, stock
2754, pail
2755, beautifully
2756, dishes
2757, daisy
2758, greenery
2759, pillar
2760, details
2761, scissors
2762, labeled
2763, pinned
2764, pairs
2765, prices
2766, surgical
2767, community
2768, twins
2769, whit
2770, toddlers
2771, radiator
2772, heater
2773, towers
2774, steep
2775, railway
2776, infamous
2777, ben
2778, clocks
2779, angle
2780, built
2781, nighttime
2782, stars
2783, dolls
2784, doll
2785, numbers
2786, indicate
2787, twelve
2788, roman
2789, numerals
2790, bells
2791, stained
2792, either
2793, balconies
2794, western
2795, entertainment
2796, west
2797, jar
2798, intricately
2799, detailed
2800, stemmed
2801, floral
2802, stems
2803, centerpiece
2804, bouquet
2805, artsy
2806, representing
2807, scissor
2808, clippers
2809, nuts
2810, cigar
2811, trimming
2812, shavings
2813, pencil
2814, ruler
2815, spool
2816, thread
2817, craft
2818, sewing
2819, contents
2820, creative
2821, cookie
2822, gummy
2823, candy
2824, spiral
2825, graham
2826, cracker
2827, themed
2828, santa
2829, kittens
2830, nap
2831, laundry
2832, knitted
2833, consists
2834, dip
2835, laden
2836, meeting
2837, babies
2838, stem
2839, stores
2840, merchandise
2841, flea
2842, aisle
2843, seats
2844, aircraft
2845, depart
2846, occupied
2847, travelers
2848, sleeveless
2849, cocktail
2850, heel
2851, pumps
2852, neat
2853, tidy
2854, residential
2855, cupboards
2856, dishwasher
2857, crock
2858, maker
2859, peering
2860, remodel
2861, trimmed
2862, peeled
2863, blender
2864, blended
2865, washer
2866, inspects
2867, groceries
2868, fixes
2869, cooker
2870, smooth
2871, countertops
2872, mixing
2873, stirring
2874, booster
2875, stool
2876, stripped
2877, newborn
2878, purpose
2879, basin
2880, basic
2881, odd
2882, awful
2883, utility
2884, purse
2885, rectangle
2886, fixture
2887, knives
2888, magnet
2889, seven
2890, sharp
2891, apron
2892, lime
2893, raw
2894, liquor
2895, lived
2896, remains
2897, showcasing
2898, skills
2899, means
2900, reflects
2901, boiling
2902, burner
2903, checking
2904, scratching
2905, pad
2906, organized
2907, bicyclist
2908, simple
2909, bricked
2910, fisheye
2911, dorm
2912, roll
2913, hanger
2914, usually
2915, found
2916, nursing
2917, will
2918, wheelchair
2919, accessible
2920, leopard
2921, remodeled
2922, faucet
2923, robe
2924, towels
2925, marble
2926, powder
2927, wallmounted
2928, sleek
2929, efficient
2930, aerial
2931, fuel
2932, pump
2933, tool
2934, dresser
2935, suv
2936, vw
2937, van
2938, awesome
2939, volkswagon
2940, appropriate
2941, cans
2942, garbage
2943, bundle
2944, presses
2945, urinals
2946, smell
2947, automatic
2948, uk
2949, exposure
2950, bathed
2951, toilets
2952, copper
2953, crotch
2954, rocket
2955, toiled
2956, tuna
2957, key
2958, hole
2959, calico
2960, curls
2961, sleep
2962, wheeler
2963, fit
2964, got
2965, cooler
2966, debris
2967, order
2968, typical
2969, such
2970, snacks
2971, highlighted
2972, ripped
2973, mantle
2974, love
2975, better
2976, officers
2977, castle
2978, european
2979, lightly
2980, attend
2981, grand
2982, architecture
2983, dots
2984, motorcylce
2985, cellular
2986, cigarette
2987, driven
2988, motorcyclist
2989, united
2990, tons
2991, motorcyclists
2992, bandanna
2993, gang
2994, today
2995, rainy
2996, individuals
2997, damp
2998, subway
2999, telephone
3000, am
3001, unable
3002, crew
3003, loading
3004, squadron
3005, jets
3006, formation
3007, smoke
3008, cloudless
3009, trailing
3010, leaving
3011, shuttle
3012, observing
3013, aircrafts
3014, force
3015, lufthansa
3016, humongous
3017, strip
3018, engines
3019, hangar
3020, bomber
3021, seattle
3022, needle
3023, washington
3024, quite
3025, compared
3026, skyscraper
3027, unison
3028, world
3029, german
3030, underside
3031, ends
3032, crafts
3033, streams
3034, soaring
3035, approach
3036, vegetation
3037, nature
3038, buffalo
3039, ha
3040, lambs
3041, paddock
3042, angel
3043, dried
3044, leafless
3045, zooming
3046, push
3047, button
3048, turquoise
3049, president
3050, mid
3051, begins
3052, delta
3053, rise
3054, juvenile
3055, clearing
3056, huddle
3057, surroundings
3058, liner
3059, crops
3060, sailboats
3061, strung
3062, contemplating
3063, markers
3064, extreme
3065, busses
3066, knoll
3067, blonde
3068, lapse
3069, photography
3070, transit
3071, cityscape
3072, vehicular
3073, picks
3074, bits
3075, london
3076, occupy
3077, overlooks
3078, roaming
3079, coats
3080, shearing
3081, feeder
3082, fairly
3083, natural
3084, environment
3085, camper
3086, chopped
3087, plank
3088, separate
3089, benches
3090, overlook
3091, bay
3092, bricks
3093, weeds
3094, barriers
3095, doubledecker
3096, semi
3097, england
3098, dalmatian
3099, department
3100, usa
3101, hikers
3102, allows
3103, unused
3104, stones
3105, lamppost
3106, probably
3107, separated
3108, steam
3109, waterway
3110, leafy
3111, buss
3112, site
3113, boulders
3114, exit
3115, feild
3116, graffitied
3117, proud
3118, free
3119, fall
3120, stockings
3121, shade
3122, finds
3123, sparse
3124, stump
3125, hydrants
3126, nut
3127, fir
3128, knob
3129, worn
3130, iron
3131, sculptures
3132, gulls
3133, camp
3134, grounds
3135, tagged
3136, tag
3137, modified
3138, so
3139, changed
3140, handwritten
3141, letters
3142, peeping
3143, seed
3144, seeds
3145, metropolitan
3146, prepared
3147, ways
3148, tilted
3149, lean
3150, names
3151, extended
3152, perfect
3153, warns
3154, owners
3155, keep
3156, raising
3157, detour
3158, say
3159, tide
3160, pelican
3161, observed
3162, roadside
3163, miss
3164, route
3165, taped
3166, duct
3167, relax
3168, tip
3169, boar
3170, did
3171, camouflaged
3172, hummingbird
3173, humming
3174, grouping
3175, falcon
3176, parrot
3177, hawk
3178, exotic
3179, silly
3180, slight
3181, owl
3182, tips
3183, citrus
3184, seagull
3185, sheared
3186, goat
3187, skinny
3188, wheat
3189, secluded
3190, blending
3191, seashore
3192, prominently
3193, llamas
3194, fog
3195, misty
3196, gentlemen
3197, eachother
3198, bushel
3199, dumpster
3200, barrels
3201, random
3202, hook
3203, supply
3204, barricades
3205, sidewalks
3206, grates
3207, caboose
3208, observation
3209, charming
3210, movie
3211, rounds
3212, dull
3213, training
3214, necessary
3215, connected
3216, encased
3217, buried
3218, punk
3219, tagging
3220, graffitti
3221, blossoms
3222, fifteen
3223, minutes
3224, sticker
3225, rainbow
3226, dont
3227, often
3228, warehouse
3229, equipped
3230, cherry
3231, picker
3232, blackandwhite
3233, tuxedo
3234, sheer
3235, bandana
3236, wander
3237, rays
3238, shine
3239, fading
3240, goblet
3241, statute
3242, paw
3243, onward
3244, trailers
3245, calfs
3246, reddish
3247, chrome
3248, rims
3249, naps
3250, curled
3251, spotted
3252, balcony
3253, windowsill
3254, package
3255, inches
3256, paved
3257, adorable
3258, browsing
3259, mass
3260, unidentifiable
3261, tethered
3262, hes
3263, played
3264, enough
3265, now
3266, pug
3267, bearded
3268, bulldog
3269, anchored
3270, socialize
3271, wallpaper
3272, isle
3273, pews
3274, ceremony
3275, garb
3276, cuddled
3277, longhorn
3278, horns
3279, focus
3280, reception
3281, blazer
3282, portrait
3283, bald
3284, sections
3285, rowboats
3286, beached
3287, soaked
3288, artist
3289, stylized
3290, coverings
3291, toasting
3292, celebration
3293, raise
3294, toast
3295, carefully
3296, customers
3297, sells
3298, bottled
3299, tapes
3300, wrap
3301, backseat
3302, gown
3303, slide
3304, unique
3305, motorboat
3306, husband
3307, sweaters
3308, archway
3309, couples
3310, matching
3311, gentleman
3312, wear
3313, content
3314, businessman
3315, collar
3316, handful
3317, robot
3318, wars
3319, club
3320, cafe
3321, shading
3322, tress
3323, channel
3324, cubes
3325, electrical
3326, kissing
3327, kiss
3328, sharing
3329, dryer
3330, fur
3331, bordered
3332, lining
3333, heeled
3334, lagoon
3335, wit
3336, gull
3337, separating
3338, lobby
3339, leaf
3340, snuggling
3341, though
3342, alleyway
3343, cobbled
3344, dragging
3345, cobble
3346, dressing
3347, concerned
3348, oddly
3349, breast
3350, snout
3351, designated
3352, tailgate
3353, artificial
3354, cheek
3355, leash
3356, sunshine
3357, caption
3358, sanding
3359, rubber
3360, dummy
3361, frisby
3362, frisbe
3363, paws
3364, relaxes
3365, leashes
3366, lace
3367, packs
3368, duffle
3369, boardwalk
3370, upholstered
3371, muzzle
3372, lip
3373, carousel
3374, good
3375, areas
3376, conveyor
3377, steal
3378, reclines
3379, conveyer
3380, had
3381, surrounds
3382, darth
3383, vader
3384, grizzly
3385, installing
3386, hoof
3387, nest
3388, cave
3389, lazily
3390, runs
3391, doggy
3392, cub
3393, chillin
3394, peer
3395, families
3396, service
3397, visiting
3398, session
3399, shit
3400, boars
3401, leaping
3402, mall
3403, plaza
3404, keeps
3405, antelopes
3406, hog
3407, draw
3408, examine
3409, tossing
3410, legos
3411, blocks
3412, frisbees
3413, cluster
3414, ostrich
3415, moment
3416, rich
3417, murky
3418, splashing
3419, reins
3420, colt
3421, nurses
3422, momma
3423, leaned
3424, monument
3425, cowboy
3426, fo
3427, sure
3428, shes
3429, safe
3430, backs
3431, rodeo
3432, sturdy
3433, fitted
3434, twist
3435, crackers
3436, greens
3437, progress
3438, lego
3439, dachshund
3440, veggies
3441, map
3442, crates
3443, pineapples
3444, cups
3445, waffle
3446, cone
3447, daughter
3448, topping
3449, vanilla
3450, strawberry
3451, shoot
3452, spewing
3453, speak
3454, climate
3455, gears
3456, hiking
3457, skiis
3458, host
3459, bins
3460, grapefruit
3461, pine
3462, glide
3463, wheelbarrow
3464, collecting
3465, evergreen
3466, macaroni
3467, sushi
3468, cantaloupe
3469, peaches
3470, powered
3471, pork
3472, meaty
3473, uniquely
3474, friend
3475, jelly
3476, packets
3477, bagel
3478, healthy
3479, potato
3480, crosscountry
3481, spatula
3482, brocolli
3483, pea
3484, skillet
3485, mountainside
3486, chopsticks
3487, tent
3488, buying
3489, farmers
3490, cakes
3491, eagle
3492, mark
3493, hunched
3494, flip
3495, casserole
3496, roasted
3497, cheesy
3498, pitching
3499, stretches
3500, lift
3501, sideways
3502, then
3503, delivering
3504, telling
3505, gloved
3506, cabbage
3507, root
3508, turnips
3509, crown
3510, shack
3511, knifes
3512, stabbed
3513, shell
3514, tossed
3515, parmesan
3516, lite
3517, cranberry
3518, curry
3519, untouched
3520, competitors
3521, sporting
3522, skiiers
3523, engaged
3524, competitive
3525, dome
3526, destination
3527, born
3528, crumbs
3529, noodles
3530, croutons
3531, adolescent
3532, jeans
3533, pipe
3534, practice
3535, concentrates
3536, midair
3537, quickly
3538, speeding
3539, stunts
3540, wake
3541, garnished
3542, tomato
3543, brand
3544, spending
3545, wonderful
3546, sustenance
3547, strawberries
3548, bento
3549, cucumbers
3550, sloped
3551, barbeque
3552, shirtless
3553, bell
3554, patches
3555, cotton
3556, loose
3557, stuffing
3558, cutouts
3559, capped
3560, depicts
3561, downhill
3562, balance
3563, performs
3564, grinds
3565, pic
3566, chairlift
3567, trek
3568, climbing
3569, trekking
3570, column
3571, slider
3572, burgers
3573, hamburgers
3574, pickles
3575, mustard
3576, instructor
3577, haired
3578, preforming
3579, hovers
3580, gourmet
3581, nestled
3582, hotdogs
3583, aluminum
3584, foil
3585, tinfoil
3586, sauerkraut
3587, inserted
3588, baker
3589, filling
3590, breaded
3591, senior
3592, jam
3593, ham
3594, sloppy
3595, snowsuit
3596, holes
3597, saucer
3598, berries
3599, parents
3600, father
3601, feast
3602, blade
3603, tier
3604, biscuits
3605, rushing
3606, flavors
3607, opening
3608, pepper
3609, turkey
3610, guacamole
3611, cole
3612, slaw
3613, kit
3614, should
3615, celebrate
3616, ion
3617, munching
3618, mess
3619, college
3620, swimsuit
3621, newlywed
3622, wife
3623, robotic
3624, rectangular
3625, iced
3626, proudly
3627, presents
3628, special
3629, comforter
3630, unkempt
3631, unmade
3632, drag
3633, bedside
3634, traveler
3635, checkerboard
3636, dressers
3637, ex
3638, entirely
3639, shipping
3640, envelopes
3641, fedex
3642, drawer
3643, oar
3644, extravagant
3645, ornately
3646, carpeting
3647, colonial
3648, boogie
3649, wakeboard
3650, current
3651, raft
3652, overlooked
3653, rundown
3654, employees
3655, uncooked
3656, crust
3657, exiting
3658, beard
3659, swimmers
3660, wallpapered
3661, aiming
3662, aimed
3663, mans
3664, ith
3665, student
3666, study
3667, typing
3668, hall
3669, spinach
3670, heavily
3671, peel
3672, handmade
3673, already
3674, fits
3675, restaraunt
3676, oriental
3677, bacon
3678, bakes
3679, winds
3680, gooey
3681, olive
3682, super
3683, mario
3684, wiimote
3685, instruction
3686, outdated
3687, season
3688, overweight
3689, fan
3690, prepped
3691, trim
3692, controlled
3693, teenage
3694, gaming
3695, system
3696, boxing
3697, golf
3698, keyboards
3699, piano
3700, dimly
3701, relaxing
3702, handling
3703, chute
3704, fling
3705, whale
3706, glider
3707, controlling
3708, partly
3709, valley
3710, move
3711, note
3712, regarding
3713, damage
3714, guard
3715, ropes
3716, upscale
3717, roped
3718, awaiting
3719, strikes
3720, hoping
3721, skyline
3722, zombie
3723, actors
3724, striking
3725, ginger
3726, batting
3727, sandals
3728, ingredients
3729, trey
3730, australian
3731, turf
3732, baseline
3733, bleachers
3734, exterior
3735, cobblestone
3736, protruding
3737, external
3738, feature
3739, keys
3740, charge
3741, minimal
3742, human
3743, parts
3744, clay
3745, snake
3746, whose
3747, reacting
3748, music
3749, audio
3750, historic
3751, notes
3752, outlet
3753, plugged
3754, job
3755, standard
3756, compute
3757, bot
3758, destroyed
3759, alcoholic
3760, frosty
3761, deco
3762, even
3763, recycling
3764, faux
3765, yet
3766, assembled
3767, crossed
3768, legged
3769, crosslegged
3770, checks
3771, booths
3772, wih
3773, rimmed
3774, grinning
3775, blackberry
3776, menu
3777, icons
3778, samsung
3779, missed
3780, message
3781, gps
3782, caucasian
3783, makeshift
3784, minifridge
3785, appliance
3786, roast
3787, removing
3788, dilapidated
3789, plaster
3790, crumbling
3791, disrepair
3792, arranging
3793, museum
3794, substance
3795, smoothie
3796, helps
3797, combing
3798, takeout
3799, appetizers
3800, creamy
3801, breads
3802, peas
3803, pins
3804, clothesline
3805, pigtails
3806, sugary
3807, platters
3808, cupcakes
3809, watery
3810, blooming
3811, daffodils
3812, petals
3813, models
3814, dozen
3815, captured
3816, wilting
3817, roses
3818, wilted
3819, tabletop
3820, poodle
3821, livingroom
3822, selecting
3823, buffet
3824, glassware
3825, pleased
3826, hearty
3827, croissant
3828, melon
3829, croissants
3830, finishing
3831, bearing
3832, tasting
3833, testing
3834, amounts
3835, eager
3836, exhibition
3837, vineyard
3838, operates
3839, diagonal
3840, wheelie
3841, hugs
3842, chunk
3843, butcher
3844, untidy
3845, builtin
3846, halfpipe
3847, chopping
3848, berry
3849, blueberry
3850, blackberries
3851, juicer
3852, wiping
3853, seethrough
3854, leave
3855, lavatory
3856, tiling
3857, cyclists
3858, nasty
3859, filthy
3860, outline
3861, entire
3862, completely
3863, constructed
3864, victorian
3865, shadows
3866, casting
3867, rails
3868, profile
3869, bathrooms
3870, ring
3871, crooked
3872, litter
3873, automobile
3874, torn
3875, huddled
3876, asking
3877, licking
3878, wanting
3879, hood
3880, lifted
3881, chevrolet
3882, tucked
3883, rush
3884, fountain
3885, int
3886, zone
3887, worked
3888, packages
3889, unwrapped
3890, wrappers
3891, exposed
3892, pipes
3893, halfway
3894, entry
3895, seasoning
3896, windshield
3897, bookcase
3898, airborne
3899, handlebars
3900, motocross
3901, rv
3902, lifting
3903, lookout
3904, could
3905, kill
3906, speakers
3907, spinning
3908, landed
3909, propellers
3910, kangaroo
3911, nine
3912, military
3913, angels
3914, pilots
3915, cloud
3916, greenish
3917, bust
3918, unpaved
3919, minivan
3920, know
3921, moon
3922, heart
3923, costumed
3924, herds
3925, tram
3926, scenery
3927, distant
3928, structures
3929, beyond
3930, pigeons
3931, spreading
3932, turtle
3933, stripe
3934, pumpkin
3935, pumpkins
3936, marks
3937, squash
3938, takeoff
3939, twilight
3940, dawn
3941, morning
3942, hours
3943, california
3944, guide
3945, trough
3946, corral
3947, lamb
3948, snap
3949, mad
3950, vista
3951, stormy
3952, yaks
3953, once
3954, tourist
3955, studies
3956, herding
3957, staff
3958, shepherd
3959, tends
3960, drivers
3961, navigate
3962, oncoming
3963, factory
3964, sloping
3965, amtrak
3966, beat
3967, hydrogen
3968, scratches
3969, create
3970, effect
3971, ladder
3972, rubs
3973, caution
3974, womans
3975, nose
3976, peels
3977, crow
3978, mix
3979, banner
3980, barren
3981, stork
3982, lands
3983, marshy
3984, pop
3985, pepsi
3986, japanese
3987, district
3988, downtown
3989, titled
3990, jackson
3991, east
3992, witha
3993, my
3994, outcropping
3995, bunched
3996, unhappy
3997, army
3998, cgi
3999, bad
4000, patient
4001, thomas
4002, reflecting
4003, rust
4004, film
4005, ruffled
4006, underground
4007, sniffing
4008, sniffs
4009, bamboo
4010, pockets
4011, fine
4012, locomotive
4013, locomotives
4014, enters
4015, billowing
4016, la
4017, cuts
4018, roads
4019, overhang
4020, thai
4021, blocking
4022, happen
4023, barbwire
4024, crepes
4025, seperate
4026, crossroads
4027, corners
4028, attendants
4029, kart
4030, gallery
4031, sing
4032, page
4033, describe
4034, headlights
4035, frog
4036, puppet
4037, jammed
4038, buds
4039, would
4040, positioned
4041, comfortably
4042, cushioned
4043, buckled
4044, punch
4045, stored
4046, dreary
4047, annoyed
4048, wicker
4049, mill
4050, padded
4051, lounge
4052, theme
4053, species
4054, curbside
4055, shaved
4056, comfortable
4057, hairless
4058, patchwork
4059, quilt
4060, straw
4061, sweeper
4062, central
4063, file
4064, files
4065, text
4066, vcr
4067, interacting
4068, village
4069, pets
4070, saw
4071, horned
4072, medal
4073, shed
4074, hipsters
4075, folding
4076, paddling
4077, circus
4078, topper
4079, ugly
4080, affection
4081, mouths
4082, clip
4083, underbrush
4084, enclosures
4085, suite
4086, balloons
4087, alot
4088, splash
4089, races
4090, ample
4091, national
4092, rafts
4093, skin
4094, obscured
4095, boston
4096, spring
4097, drizzle
4098, swans
4099, parasols
4100, vacation
4101, duffel
4102, mount
4103, coated
4104, ditch
4105, aged
4106, stacks
4107, exercise
4108, larger
4109, socializing
4110, spare
4111, bangs
4112, flowery
4113, step
4114, shepard
4115, sleigh
4116, crafted
4117, santas
4118, outstretched
4119, frozen
4120, essentials
4121, scruffy
4122, filtered
4123, pokes
4124, rocking
4125, oldfashioned
4126, zoomed
4127, noses
4128, bone
4129, contraption
4130, conventional
4131, shaving
4132, leftover
4133, add
4134, husky
4135, labrador
4136, dancing
4137, policemen
4138, feather
4139, rose
4140, mane
4141, figure
4142, bridal
4143, merry
4144, layers
4145, tiered
4146, touched
4147, lowering
4148, saddled
4149, coral
4150, saddles
4151, idle
4152, visitors
4153, oats
4154, clump
4155, granola
4156, chip
4157, parchment
4158, climb
4159, attempt
4160, san
4161, francisco
4162, giants
4163, stretch
4164, shaking
4165, unripe
4166, flops
4167, midst
4168, grapes
4169, watermelon
4170, melons
4171, sealed
4172, mesh
4173, amateur
4174, bases
4175, baseman
4176, lips
4177, gadget
4178, knit
4179, garment
4180, springs
4181, growth
4182, ferns
4183, strips
4184, cucumber
4185, zucchini
4186, twisted
4187, fixing
4188, walker
4189, harness
4190, toe
4191, burned
4192, salami
4193, pauses
4194, wedge
4195, leaps
4196, packaging
4197, florets
4198, blend
4199, glaze
4200, sour
4201, shares
4202, stirfry
4203, broth
4204, rim
4205, hamburger
4206, ridding
4207, consumption
4208, asparagus
4209, settings
4210, navigates
4211, olympic
4212, turning
4213, respective
4214, quick
4215, pace
4216, competitor
4217, olympics
4218, circles
4219, gentle
4220, chops
4221, garnish
4222, chop
4223, wok
4224, allow
4225, pain
4226, tshirt
4227, plated
4228, herbs
4229, pate
4230, finish
4231, reached
4232, uphill
4233, silhouette
4234, launches
4235, unusually
4236, tack
4237, excited
4238, those
4239, nothing
4240, footlong
4241, orders
4242, sled
4243, dunkin
4244, goggles
4245, pausing
4246, rooster
4247, joke
4248, chickens
4249, sandwhich
4250, mozzarella
4251, cooling
4252, entrees
4253, polaroid
4254, congratulations
4255, your
4256, upcoming
4257, walnut
4258, layer
4259, walnuts
4260, maybe
4261, bows
4262, chin
4263, cresting
4264, excitement
4265, blinds
4266, pleasant
4267, joined
4268, surfs
4269, foamy
4270, breaks
4271, hammock
4272, burning
4273, labels
4274, master
4275, except
4276, server
4277, barely
4278, knocked
4279, altered
4280, nightstands
4281, sneaker
4282, bottoms
4283, level
4284, lavish
4285, futuristic
4286, nude
4287, tangled
4288, silk
4289, pizzeria
4290, feta
4291, appetizing
4292, paneled
4293, struggles
4294, connect
4295, xbox
4296, sample
4297, booze
4298, deep
4299, basil
4300, leafs
4301, macbook
4302, pro
4303, contact
4304, patrons
4305, athlete
4306, shirted
4307, tosses
4308, strong
4309, medium
4310, glue
4311, sweat
4312, clips
4313, nail
4314, polish
4315, toiletries
4316, stocking
4317, hairbrush
4318, chews
4319, wool
4320, rodent
4321, ferret
4322, gum
4323, wrapper
4324, brother
4325, dance
4326, panda
4327, koala
4328, shocked
4329, controllers
4330, mote
4331, gives
4332, thumbs
4333, rugs
4334, videogame
4335, nunchuck
4336, attachment
4337, panoramic
4338, concert
4339, recording
4340, via
4341, official
4342, government
4343, texas
4344, th
4345, peacock
4346, ray
4347, overcast
4348, jetty
4349, fliers
4350, activity
4351, memorial
4352, storefronts
4353, inspect
4354, ornamental
4355, took
4356, recipe
4357, producing
4358, cutter
4359, meet
4360, act
4361, refrigerated
4362, beers
4363, unbaked
4364, quiche
4365, judge
4366, paperwork
4367, dvds
4368, cylinder
4369, suspended
4370, stage
4371, presentation
4372, sided
4373, demonic
4374, smirk
4375, tshirts
4376, raincoat
4377, stew
4378, peanut
4379, butter
4380, ovens
4381, microwaves
4382, makeup
4383, flyers
4384, almond
4385, pudding
4386, yogurt
4387, stocked
4388, taller
4389, sprayed
4390, littered
4391, vandalized
4392, retrieving
4393, holders
4394, hairdryer
4395, singing
4396, corded
4397, cloths
4398, mothers
4399, brushed
4400, kiwi
4401, peach
4402, teapot
4403, dial
4404, numeral
4405, condition
4406, artwork
4407, perhaps
4408, daisies
4409, crochet
4410, seal
4411, overview
4412, binder
4413, handled
4414, pens
4415, doctor
4416, injured
4417, instrument
4418, blank
4419, loaf
4420, meatloaf
4421, tortillas
4422, sauces
4423, tortilla
4424, mexican
4425, salsa
4426, quesadilla
4427, decent
4428, omelette
4429, omelet
4430, pancake
4431, everyone
4432, scallops
4433, terrace
4434, class
4435, rescue
4436, overturned
4437, crash
4438, cuddling
4439, minor
4440, skilled
4441, eyed
4442, cupboard
4443, easily
4444, closing
4445, spice
4446, cameras
4447, rods
4448, grow
4449, marbled
4450, luxury
4451, mint
4452, seperated
4453, divided
4454, rounded
4455, biking
4456, walkers
4457, dude
4458, quietly
4459, biker
4460, pared
4461, sparsely
4462, soap
4463, wreaths
4464, digital
4465, dove
4466, mascot
4467, cramped
4468, motel
4469, belongings
4470, packing
4471, checker
4472, toiler
4473, peers
4474, flush
4475, flushing
4476, idly
4477, glaring
4478, upper
4479, presenting
4480, bidet
4481, removed
4482, crawling
4483, changing
4484, honey
4485, switch
4486, dispensers
4487, motorcyle
4488, trashcan
4489, never
4490, crude
4491, chopper
4492, businesses
4493, honda
4494, tripod
4495, burners
4496, tech
4497, wizard
4498, options
4499, muffin
4500, stoned
4501, elevator
4502, mosaic
4503, entryway
4504, blurred
4505, movement
4506, viewer
4507, wrought
4508, length
4509, mache
4510, socks
4511, france
4512, aeroplane
4513, crowds
4514, releasing
4515, acrobatic
4516, girafee
4517, hidden
4518, spider
4519, closer
4520, interested
4521, foliage
4522, streetlights
4523, prop
4524, mingling
4525, thicket
4526, mingle
4527, watched
4528, outcrop
4529, examining
4530, private
4531, propellors
4532, sequence
4533, searching
4534, lonely
4535, leashed
4536, antelope
4537, congregate
4538, stoplights
4539, towns
4540, luggages
4541, icy
4542, gorgeous
4543, animated
4544, scenic
4545, freestanding
4546, carved
4547, carvings
4548, humans
4549, grasslands
4550, cable
4551, bustling
4552, ban
4553, banks
4554, fleet
4555, plot
4556, establishment
4557, cactus
4558, boulder
4559, sunken
4560, barricade
4561, tired
4562, hundreds
4563, jogging
4564, available
4565, stranded
4566, coast
4567, wrench
4568, attendant
4569, ofa
4570, sin
4571, sepia
4572, chalk
4573, welcoming
4574, chalkboard
4575, miles
4576, dear
4577, stating
4578, slow
4579, ave
4580, investigating
4581, bumper
4582, yacht
4583, hate
4584, sister
4585, labelled
4586, flowering
4587, upclose
4588, convex
4589, seeing
4590, dinning
4591, virtual
4592, arabic
4593, mossy
4594, awning
4595, erect
4596, boulevard
4597, clustered
4598, target
4599, property
4600, india
4601, union
4602, pacific
4603, moss
4604, drain
4605, skull
4606, swords
4607, pirate
4608, expired
4609, artistic
4610, theater
4611, idea
4612, everything
4613, trip
4614, headlight
4615, handbag
4616, shark
4617, loves
4618, creating
4619, viewing
4620, complete
4621, cushion
4622, ordering
4623, siamese
4624, barbed
4625, hello
4626, convoy
4627, fuzzy
4628, canoes
4629, admiring
4630, dairy
4631, barber
4632, smeared
4633, whiskey
4634, gowns
4635, puts
4636, capital
4637, dc
4638, capitol
4639, handler
4640, procession
4641, marching
4642, observes
4643, met
4644, smoggy
4645, hazy
4646, boating
4647, rivers
4648, paid
4649, tones
4650, welldressed
4651, actually
4652, supports
4653, inlet
4654, sumo
4655, wrestle
4656, populated
4657, pavilion
4658, favorite
4659, boaters
4660, cruise
4661, expansive
4662, shoppers
4663, balding
4664, bowtie
4665, heights
4666, fist
4667, trooper
4668, dollar
4669, bill
4670, monkey
4671, looked
4672, curling
4673, teenaged
4674, loads
4675, pooh
4676, contrasting
4677, musical
4678, gathers
4679, jumped
4680, cubs
4681, elevated
4682, limbs
4683, curiously
4684, belly
4685, company
4686, panorama
4687, visor
4688, riverbank
4689, investigates
4690, discs
4691, collide
4692, youths
4693, ostriches
4694, nuzzles
4695, galloping
4696, confined
4697, gazelle
4698, autumn
4699, renaissance
4700, period
4701, caramel
4702, passed
4703, label
4704, diner
4705, melted
4706, descending
4707, dense
4708, moms
4709, scale
4710, weight
4711, toothpick
4712, feeds
4713, standng
4714, shredding
4715, gnar
4716, tint
4717, meals
4718, sandwhiches
4719, halfeaten
4720, tangerine
4721, cheesecake
4722, pike
4723, quarter
4724, drop
4725, bunt
4726, bundt
4727, goatee
4728, hovering
4729, lighter
4730, camping
4731, flips
4732, skates
4733, teen
4734, capture
4735, colorfully
4736, edited
4737, skying
4738, carton
4739, gauges
4740, vending
4741, fixings
4742, somebody
4743, ma
4744, blt
4745, eleven
4746, pita
4747, soars
4748, assembly
4749, processing
4750, fryer
4751, automated
4752, anticipation
4753, bathrobe
4754, skillfully
4755, grind
4756, instead
4757, leap
4758, fills
4759, tilting
4760, portable
4761, autographs
4762, backhand
4763, danish
4764, parasailer
4765, windy
4766, parasail
4767, rotating
4768, beverages
4769, mason
4770, pretzel
4771, sparklers
4772, sparkler
4773, backing
4774, pretzels
4775, pastrami
4776, coleslaw
4777, dipping
4778, marinara
4779, dipped
4780, smoking
4781, sesame
4782, leftovers
4783, want
4784, edges
4785, mills
4786, cupcake
4787, bunk
4788, lower
4789, bedspread
4790, woodland
4791, mitts
4792, drapes
4793, sponge
4794, cartoons
4795, countries
4796, workspace
4797, inviting
4798, website
4799, sat
4800, dvd
4801, whine
4802, squats
4803, opponents
4804, lasagna
4805, me
4806, unoccupied
4807, taco
4808, wineglass
4809, oblong
4810, clothed
4811, pepperonis
4812, kneels
4813, units
4814, science
4815, eyeglasses
4816, pretending
4817, console
4818, bookstore
4819, cord
4820, largest
4821, affectionate
4822, snuggles
4823, carried
4824, motes
4825, learn
4826, contemporary
4827, paintings
4828, goofy
4829, convention
4830, trade
4831, cds
4832, pc
4833, flash
4834, test
4835, deliver
4836, bounces
4837, bouncing
4838, weaving
4839, flys
4840, kits
4841, illustration
4842, rally
4843, mast
4844, kiteboarding
4845, resembles
4846, amazed
4847, thermos
4848, hitter
4849, caught
4850, womens
4851, pitches
4852, sexy
4853, lunges
4854, focusing
4855, exchanging
4856, comically
4857, gift
4858, fisherman
4859, pliers
4860, parent
4861, prep
4862, refrigerators
4863, starts
4864, remove
4865, broad
4866, daylight
4867, tell
4868, policeman
4869, nokia
4870, calculator
4871, mixer
4872, article
4873, dries
4874, comb
4875, ancient
4876, slim
4877, hear
4878, lowered
4879, downward
4880, clocktower
4881, complex
4882, matches
4883, alter
4884, height
4885, dying
4886, sunflowers
4887, arts
4888, redheaded
4889, plywood
4890, pedals
4891, brake
4892, pedal
4893, starting
4894, present
4895, cutlery
4896, salt
4897, wines
4898, taste
4899, champagne
4900, tone
4901, calendar
4902, attic
4903, postal
4904, mannequin
4905, photographing
4906, wash
4907, flowing
4908, wraps
4909, vessel
4910, marketplace
4911, curtained
4912, accented
4913, handicap
4914, change
4915, surfaces
4916, likes
4917, cracked
4918, ford
4919, named
4920, lowers
4921, gothic
4922, cruising
4923, sunlit
4924, unknown
4925, outhouse
4926, speaker
4927, harley
4928, davidson
4929, stair
4930, ridge
4931, readies
4932, years
4933, michigan
4934, follow
4935, ferris
4936, peoples
4937, transportation
4938, seem
4939, soon
4940, props
4941, deckered
4942, beanie
4943, shelter
4944, manicured
4945, firehydrant
4946, canada
4947, valve
4948, co
4949, crack
4950, bugs
4951, clause
4952, claus
4953, famous
4954, vines
4955, vine
4956, buoy
4957, mcdonalds
4958, forrest
4959, burnt
4960, delicate
4961, consumed
4962, consuming
4963, emitting
4964, letting
4965, billows
4966, enforcement
4967, personnel
4968, flashing
4969, rushes
4970, jesus
4971, heron
4972, swamp
4973, rugged
4974, forested
4975, lighted
4976, arrive
4977, tulips
4978, windmill
4979, toll
4980, cant
4981, peeling
4982, money
4983, backed
4984, protect
4985, attractive
4986, mack
4987, camouflage
4988, walked
4989, beagle
4990, longhaired
4991, trio
4992, mixers
4993, machinery
4994, delivers
4995, logo
4996, nears
4997, shovel
4998, seemingly
4999, ashore
5000, watercraft
5001, satchel
5002, sidelines
5003, rapid
5004, rafting
5005, afro
5006, liberty
5007, photoshopped
5008, abstract
5009, lobster
5010, reclining
5011, particular
5012, lounges
5013, fix
5014, depicted
5015, looming
5016, arched
5017, trained
5018, clowns
5019, ladys
5020, canes
5021, batch
5022, stillness
5023, underwater
5024, dripping
5025, dives
5026, sorting
5027, handlers
5028, khaki
5029, crouches
5030, puppies
5031, cannot
5032, climbs
5033, butt
5034, mating
5035, nad
5036, definitely
5037, infront
5038, tundra
5039, bee
5040, ultimate
5041, contest
5042, athletes
5043, intended
5044, stomach
5045, freeze
5046, wagging
5047, darkened
5048, floppy
5049, trophy
5050, backside
5051, bronze
5052, clippings
5053, rhinos
5054, llama
5055, camel
5056, nick
5057, knacks
5058, baseballs
5059, limes
5060, dodgers
5061, every
5062, stages
5063, vendors
5064, sell
5065, dotted
5066, bushels
5067, runner
5068, hips
5069, infield
5070, opposing
5071, ethnic
5072, monkeys
5073, steaming
5074, tofu
5075, juicy
5076, expressing
5077, outfield
5078, coloring
5079, enjoyed
5080, bud
5081, bloody
5082, broccolli
5083, gravy
5084, rare
5085, smothered
5086, tablecloth
5087, nordic
5088, dishing
5089, radishes
5090, waterskiing
5091, kiteboard
5092, para
5093, winged
5094, warmly
5095, mountaintop
5096, sight
5097, acting
5098, obstacle
5099, stairwell
5100, helicopter
5101, accident
5102, catsup
5103, snowing
5104, chicago
5105, amazing
5106, eighteen
5107, summit
5108, struggling
5109, nerd
5110, bakers
5111, hash
5112, browns
5113, corned
5114, chases
5115, chase
5116, lollipop
5117, applying
5118, waxing
5119, receipt
5120, sinking
5121, oceans
5122, placid
5123, death
5124, underwear
5125, flickr
5126, denim
5127, overalls
5128, beachgoers
5129, crest
5130, manmade
5131, wetsuits
5132, dive
5133, windsurfer
5134, adorn
5135, neutral
5136, queen
5137, fell
5138, slats
5139, guitar
5140, bigger
5141, hawaiian
5142, sprinkling
5143, afghan
5144, concept
5145, batteries
5146, tvs
5147, televisions
5148, steering
5149, household
5150, futon
5151, playfully
5152, intense
5153, quarters
5154, feel
5155, alarm
5156, oclock
5157, butterfly
5158, chilly
5159, obelisk
5160, parachutes
5161, arrives
5162, dropping
5163, colgate
5164, bunting
5165, mets
5166, avoid
5167, calls
5168, garlic
5169, elements
5170, easel
5171, mounds
5172, scratch
5173, spooning
5174, added
5175, latte
5176, stain
5177, glassed
5178, start
5179, seminar
5180, lecture
5181, teh
5182, pencils
5183, removes
5184, repairs
5185, stovetop
5186, disabled
5187, cellphones
5188, salon
5189, crocheted
5190, intensely
5191, quality
5192, product
5193, chandeliers
5194, processor
5195, cube
5196, blenders
5197, twostory
5198, curvy
5199, pregnant
5200, analog
5201, pottery
5202, grows
5203, clipped
5204, blades
5205, needed
5206, crafting
5207, grains
5208, waffles
5209, syrup
5210, noodle
5211, crumbled
5212, scrambled
5213, ravioli
5214, buttered
5215, landscaped
5216, cast
5217, dangling
5218, knickknacks
5219, shears
5220, compete
5221, mainly
5222, ivy
5223, abundance
5224, dual
5225, basins
5226, dingy
5227, cycling
5228, decked
5229, flame
5230, custom
5231, panels
5232, nearest
5233, please
5234, soldier
5235, cemetery
5236, graveyard
5237, sock
5238, mail
5239, spoonful
5240, poor
5241, hedges
5242, thee
5243, cycles
5244, decorate
5245, flatscreen
5246, cables
5247, boarded
5248, seaplane
5249, offers
5250, smiley
5251, themselves
5252, forefront
5253, border
5254, collie
5255, airlines
5256, belongs
5257, treed
5258, petted
5259, loving
5260, pawing
5261, lightening
5262, lightning
5263, teachers
5264, rearview
5265, visitor
5266, jug
5267, quaint
5268, solitary
5269, commuters
5270, casino
5271, logos
5272, antiques
5273, battered
5274, bloom
5275, herded
5276, grafitti
5277, protected
5278, barrier
5279, sprays
5280, fencedin
5281, beaks
5282, goose
5283, citizens
5284, motorists
5285, safari
5286, blvd
5287, reigns
5288, derby
5289, guards
5290, carriages
5291, ago
5292, centered
5293, chugs
5294, brothers
5295, microphone
5296, directs
5297, advertisements
5298, stationary
5299, bullet
5300, billboards
5301, coal
5302, tacks
5303, nailed
5304, passanger
5305, calling
5306, withe
5307, intersecting
5308, signed
5309, replaced
5310, fences
5311, scrap
5312, convertible
5313, dig
5314, blind
5315, monster
5316, tuxedos
5317, streamers
5318, slatted
5319, fox
5320, hooks
5321, bison
5322, washed
5323, dug
5324, messed
5325, blouse
5326, coastline
5327, similarly
5328, undone
5329, evil
5330, collared
5331, paisley
5332, teacher
5333, auditorium
5334, chaise
5335, butts
5336, alien
5337, grandfather
5338, en
5339, briefcases
5340, corona
5341, chests
5342, incredible
5343, strewn
5344, pup
5345, keeping
5346, fetch
5347, gripping
5348, piercing
5349, grooming
5350, gym
5351, midjump
5352, least
5353, affectionately
5354, bowing
5355, nuzzling
5356, equestrian
5357, british
5358, bucking
5359, balanced
5360, squeezed
5361, lemonade
5362, handed
5363, pause
5364, adjusts
5365, youngsters
5366, unripened
5367, mit
5368, contain
5369, deserted
5370, measuring
5371, stirred
5372, clown
5373, wig
5374, sold
5375, cruises
5376, clad
5377, diagonally
5378, parsley
5379, runners
5380, skaters
5381, platforms
5382, sales
5383, wares
5384, gotten
5385, peaceful
5386, campus
5387, midflight
5388, eggplant
5389, cameraman
5390, foam
5391, rings
5392, failing
5393, unpeeled
5394, cob
5395, function
5396, gestures
5397, handing
5398, overflowing
5399, tater
5400, tots
5401, pub
5402, engraved
5403, brownies
5404, curl
5405, frothy
5406, generated
5407, blows
5408, tucks
5409, rendering
5410, positions
5411, bead
5412, windowed
5413, grandma
5414, wipes
5415, medical
5416, professionals
5417, scrubs
5418, tether
5419, styles
5420, bikini
5421, delivered
5422, seriously
5423, athletic
5424, muscles
5425, backwards
5426, observe
5427, uncovered
5428, admires
5429, confused
5430, flatbread
5431, accessory
5432, swirl
5433, bristles
5434, un
5435, lets
5436, flow
5437, thumb
5438, basement
5439, oak
5440, filmed
5441, disorganized
5442, mantel
5443, memorabilia
5444, silhouetted
5445, gliders
5446, mlb
5447, teammates
5448, williams
5449, difficult
5450, attended
5451, usb
5452, tricycle
5453, gesturing
5454, wallet
5455, bracelets
5456, coins
5457, cd
5458, typewriter
5459, record
5460, passport
5461, mature
5462, newer
5463, bicycling
5464, anchor
5465, lanyard
5466, bought
5467, tissues
5468, materials
5469, crumpled
5470, flutes
5471, menus
5472, grins
5473, handsome
5474, gap
5475, discussing
5476, discussion
5477, staged
5478, filming
5479, unfurnished
5480, pendant
5481, linoleum
5482, instruments
5483, locks
5484, renovation
5485, semicircle
5486, burgundy
5487, feminine
5488, fluid
5489, sprayer
5490, corridor
5491, necklaces
5492, jewelry
5493, dividers
5494, hamper
5495, widow
5496, average
5497, able
5498, crashed
5499, colliding
5500, spanning
5501, flushed
5502, pours
5503, calves
5504, shopped
5505, cyclist
5506, hero
5507, fastened
5508, ruins
5509, tires
5510, staircase
5511, lazy
5512, access
5513, tale
5514, release
5515, airliners
5516, recreational
5517, mamma
5518, scape
5519, ghost
5520, neath
5521, protesting
5522, arch
5523, flashes
5524, instructions
5525, welcome
5526, pamphlets
5527, shorn
5528, brochures
5529, guides
5530, horizontal
5531, departing
5532, awnings
5533, mechanical
5534, temporary
5535, wildflowers
5536, mountainous
5537, angrily
5538, arid
5539, airy
5540, press
5541, snowcovered
5542, birdcage
5543, fondant
5544, tiers
5545, protector
5546, carving
5547, version
5548, japan
5549, steet
5550, locations
5551, australia
5552, sigh
5553, county
5554, headband
5555, tiara
5556, hug
5557, shadowed
5558, pearls
5559, casual
5560, gorilla
5561, tended
5562, chimney
5563, trestle
5564, guarding
5565, signaling
5566, proceeding
5567, merging
5568, boxcars
5569, tugboat
5570, navigating
5571, solar
5572, atm
5573, satellite
5574, kiosk
5575, mailbox
5576, fashionable
5577, bubble
5578, tipped
5579, penn
5580, farmland
5581, napping
5582, potter
5583, cuddle
5584, amusement
5585, darkly
5586, bumping
5587, formations
5588, source
5589, halloween
5590, knot
5591, fro
5592, hangings
5593, sleeve
5594, protects
5595, tusk
5596, relaxed
5597, handbags
5598, draped
5599, lazing
5600, law
5601, snowstorm
5602, oars
5603, fern
5604, rains
5605, grated
5606, tinted
5607, wrestler
5608, support
5609, spectator
5610, isolated
5611, wolf
5612, visit
5613, freez
5614, amidst
5615, partner
5616, proceed
5617, wagons
5618, racers
5619, clydesdale
5620, uneaten
5621, avocado
5622, kiwis
5623, crepe
5624, dolphins
5625, dolphin
5626, organic
5627, princess
5628, describing
5629, cowgirl
5630, mild
5631, alpine
5632, coupe
5633, marathon
5634, crashes
5635, scenes
5636, prominent
5637, patty
5638, cheeseburger
5639, careful
5640, roasting
5641, kale
5642, executing
5643, twisting
5644, descend
5645, sodas
5646, choose
5647, partaking
5648, pyramid
5649, coconut
5650, overly
5651, coke
5652, coca
5653, dumplings
5654, skewers
5655, plat
5656, rapids
5657, casually
5658, simulator
5659, meatball
5660, meatballs
5661, goblets
5662, wishes
5663, submarine
5664, sideline
5665, teaches
5666, spear
5667, accent
5668, wellmade
5669, heating
5670, peperoni
5671, finishes
5672, begin
5673, song
5674, upstairs
5675, apartments
5676, globe
5677, breeze
5678, parasails
5679, microphones
5680, brings
5681, grasps
5682, campers
5683, oversized
5684, award
5685, armoire
5686, sex
5687, chatting
5688, teach
5689, whats
5690, pretends
5691, funky
5692, wildly
5693, scantily
5694, reflect
5695, buliding
5696, pirates
5697, shift
5698, headset
5699, await
5700, why
5701, teal
5702, elaborately
5703, gilded
5704, milkshake
5705, adding
5706, alcove
5707, quote
5708, ping
5709, pong
5710, pendulum
5711, penny
5712, fabrics
5713, linens
5714, canvas
5715, flannel
5716, squeezing
5717, raspberries
5718, dips
5719, corporate
5720, sip
5721, gay
5722, superimposed
5723, dinnerware
5724, saucepan
5725, seaside
5726, shawl
5727, backsplash
5728, beams
5729, pour
5730, social
5731, barge
5732, lucky
5733, pristine
5734, reveals
5735, sees
5736, scheme
5737, partition
5738, description
5739, dashboard
5740, twenty
5741, sidecar
5742, cruiser
5743, pane
5744, storefront
5745, transported
5746, roofs
5747, designer
5748, mechanic
5749, squat
5750, earlier
5751, pages
5752, grave
5753, inspecting
5754, showcase
5755, triumph
5756, showroom
5757, dropped
5758, ana
5759, jetliners
5760, terminals
5761, expensive
5762, ascending
5763, atmosphere
5764, laugh
5765, unloaded
5766, vans
5767, tanker
5768, region
5769, streetcar
5770, ambulance
5771, maintenance
5772, rusting
5773, manhole
5774, gutter
5775, sewer
5776, updated
5777, articulated
5778, europe
5779, sightseeing
5780, pads
5781, rams
5782, poop
5783, chick
5784, prey
5785, urinating
5786, chicks
5787, trainers
5788, chinatown
5789, squares
5790, lavender
5791, width
5792, switching
5793, rue
5794, paul
5795, google
5796, nowhere
5797, siding
5798, maple
5799, instructional
5800, reader
5801, steers
5802, blocked
5803, forklift
5804, pallets
5805, involving
5806, rowboat
5807, dalmation
5808, prone
5809, classy
5810, lapel
5811, tux
5812, stay
5813, sittin
5814, cleans
5815, chains
5816, ankles
5817, gondola
5818, caring
5819, aa
5820, boxer
5821, stools
5822, dancers
5823, sorts
5824, ladybug
5825, called
5826, atrium
5827, nibbling
5828, interest
5829, tot
5830, chainlink
5831, linked
5832, jerseys
5833, wildebeest
5834, fourth
5835, slab
5836, provides
5837, foal
5838, cropped
5839, decrepit
5840, beets
5841, offering
5842, skulls
5843, advertises
5844, forehead
5845, temple
5846, jumper
5847, diced
5848, based
5849, goodies
5850, packet
5851, servings
5852, slalom
5853, pound
5854, popular
5855, crowding
5856, portions
5857, handrails
5858, propping
5859, condiment
5860, peace
5861, vegtables
5862, compartments
5863, lunchbox
5864, surprised
5865, slop
5866, choice
5867, went
5868, reveal
5869, dominos
5870, inbetween
5871, grape
5872, soldiers
5873, snail
5874, prosciutto
5875, elder
5876, ironing
5877, outlined
5878, sands
5879, carpets
5880, cause
5881, paperback
5882, hued
5883, further
5884, padding
5885, slippers
5886, innocent
5887, pacifier
5888, awkward
5889, enthusiast
5890, lshaped
5891, components
5892, telephones
5893, layed
5894, tapestry
5895, technology
5896, lava
5897, mice
5898, soul
5899, stroller
5900, forehand
5901, flamingo
5902, flapping
5903, fronted
5904, projected
5905, listens
5906, raring
5907, rared
5908, shake
5909, ladle
5910, crushed
5911, flakes
5912, shaker
5913, spiky
5914, vegan
5915, domed
5916, podium
5917, crying
5918, jean
5919, peanuts
5920, tins
5921, starbucks
5922, armor
5923, smokes
5924, keychain
5925, charm
5926, drab
5927, general
5928, icebox
5929, international
5930, cities
5931, zones
5932, multicolor
5933, trinkets
5934, opener
5935, fountains
5936, decorates
5937, organization
5938, razor
5939, mash
5940, cafeteria
5941, sampling
5942, sundaes
5943, solid
5944, violin
5945, waiter
5946, paneling
5947, stoves
5948, cookware
5949, views
5950, masks
5951, receiving
5952, maneuver
5953, spaces
5954, bmw
5955, citys
5956, herder
5957, lids
5958, intricate
5959, slot
5960, altitude
5961, ewe
5962, hazard
5963, pics
5964, creatively
5965, hybrid
5966, shooting
5967, assisting
5968, sheering
5969, lampposts
5970, tours
5971, flanked
5972, nuzzle
5973, search
5974, sedan
5975, underpass
5976, restaurants
5977, roosters
5978, patriotic
5979, plug
5980, cane
5981, oxen
5982, anime
5983, deal
5984, automobiles
5985, triple
5986, parakeets
5987, elf
5988, broke
5989, perpendicular
5990, barb
5991, piers
5992, lincoln
5993, pillars
5994, peddling
5995, allowed
5996, adds
5997, conductor
5998, loses
5999, chipped
6000, wiring
6001, write
6002, tickets
6003, writes
6004, multistory
6005, lanterns
6006, banners
6007, parallel
6008, squid
6009, lumber
6010, toyota
6011, badly
6012, starring
6013, tote
6014, wheelchairs
6015, diesel
6016, marquee
6017, musician
6018, suites
6019, politician
6020, shakes
6021, saluting
6022, bookcases
6023, vent
6024, waterfall
6025, kayaking
6026, thatched
6027, join
6028, stilts
6029, rooftop
6030, collars
6031, buidling
6032, staying
6033, mules
6034, ribs
6035, outfielder
6036, fielder
6037, lesson
6038, astride
6039, coconuts
6040, tar
6041, consist
6042, merchant
6043, wrinkled
6044, hey
6045, handrail
6046, greasy
6047, cabbages
6048, custard
6049, skiies
6050, judges
6051, kraut
6052, helmeted
6053, crab
6054, baguette
6055, amish
6056, sugared
6057, eatery
6058, bitten
6059, volleyball
6060, state
6061, spices
6062, carves
6063, stamp
6064, swimmer
6065, bib
6066, flour
6067, jail
6068, prison
6069, become
6070, cot
6071, seasoned
6072, whites
6073, graphic
6074, might
6075, distorted
6076, vigorously
6077, bbq
6078, grilling
6079, diners
6080, inspired
6081, chubby
6082, combined
6083, manner
6084, youngster
6085, lilies
6086, chocolates
6087, cuddles
6088, vacant
6089, shadowy
6090, pitched
6091, courts
6092, dice
6093, dividing
6094, graduates
6095, providing
6096, resturant
6097, hike
6098, specialty
6099, charger
6100, notebooks
6101, ass
6102, dash
6103, temperature
6104, slate
6105, rooftops
6106, pointy
6107, placemat
6108, captain
6109, america
6110, notepad
6111, stationed
6112, bulding
6113, slender
6114, beads
6115, listen
6116, greek
6117, think
6118, related
6119, choices
6120, thanksgiving
6121, speedboat
6122, rowers
6123, arches
6124, rat
6125, created
6126, potty
6127, kisses
6128, highest
6129, vein
6130, roller
6131, linen
6132, messenger
6133, newspapers
6134, cockpit
6135, atv
6136, doctors
6137, nails
6138, proceeds
6139, descends
6140, solo
6141, interacts
6142, pm
6143, wispy
6144, pig
6145, stake
6146, splayed
6147, browse
6148, sheered
6149, causing
6150, faucets
6151, respected
6152, march
6153, disney
6154, monorail
6155, resemble
6156, arrangements
6157, thermometer
6158, multitude
6159, laps
6160, perching
6161, weed
6162, picturesque
6163, caps
6164, collect
6165, bumps
6166, connecting
6167, standstill
6168, engineer
6169, departure
6170, defaced
6171, canned
6172, maintained
6173, scared
6174, god
6175, cay
6176, armored
6177, bovine
6178, workshop
6179, folder
6180, engage
6181, slacks
6182, flashlight
6183, hip
6184, raining
6185, re
6186, longboard
6187, shetland
6188, armchair
6189, frisbie
6190, penned
6191, days
6192, moved
6193, hitched
6194, trot
6195, obstacles
6196, aside
6197, polo
6198, mare
6199, yankees
6200, violet
6201, teammate
6202, snowcapped
6203, per
6204, prior
6205, cheering
6206, tupperware
6207, executes
6208, trouble
6209, avoiding
6210, tricky
6211, rode
6212, impressive
6213, concession
6214, parka
6215, wiped
6216, convenience
6217, bartender
6218, tells
6219, bra
6220, sucking
6221, diapers
6222, diaper
6223, bump
6224, backward
6225, locker
6226, rackett
6227, aggressively
6228, alike
6229, composite
6230, grasping
6231, peripherals
6232, guitars
6233, sailors
6234, waterside
6235, parasailers
6236, grid
6237, proximity
6238, spires
6239, participate
6240, clutching
6241, nasa
6242, demonstration
6243, motorola
6244, gatorade
6245, rested
6246, pedestals
6247, ruined
6248, markets
6249, samples
6250, rafters
6251, boom
6252, embroidered
6253, replica
6254, member
6255, wedged
6256, skewered
6257, watermelons
6258, thinking
6259, rag
6260, address
6261, conditions
6262, octopus
6263, crowed
6264, resembling
6265, implements
6266, thre
6267, soaking
6268, century
6269, curving
6270, dealership
6271, plethora
6272, ads
6273, copy
6274, korean
6275, harry
6276, admire
6277, web
6278, crop
6279, flames
6280, siblings
6281, giraffee
6282, rollerblading
6283, waling
6284, strolls
6285, digging
6286, moose
6287, serene
6288, diffrent
6289, lizard
6290, fifth
6291, feeders
6292, signpost
6293, germany
6294, payphone
6295, foothills
6296, yawning
6297, screaming
6298, pensive
6299, nutritious
6300, al
6301, speech
6302, scottish
6303, winnie
6304, sons
6305, monk
6306, rickshaw
6307, turbulent
6308, elk
6309, dolly
6310, bale
6311, os
6312, drags
6313, sack
6314, frolicking
6315, frizbee
6316, escape
6317, links
6318, armed
6319, spears
6320, shield
6321, naval
6322, enthusiasts
6323, colander
6324, strainer
6325, navel
6326, paraphernalia
6327, brace
6328, tattooed
6329, foodstuffs
6330, cider
6331, avocados
6332, snowshoes
6333, snowmobile
6334, valentines
6335, shoveling
6336, dollars
6337, parasurfing
6338, ponytail
6339, ceremonial
6340, celebratory
6341, arranges
6342, banquet
6343, maneuvering
6344, whimsical
6345, tubes
6346, apparatus
6347, tend
6348, emergency
6349, due
6350, royal
6351, successful
6352, disassembled
6353, sony
6354, loft
6355, advanced
6356, crt
6357, amp
6358, activities
6359, wreath
6360, ages
6361, powerful
6362, fellow
6363, apparel
6364, friendly
6365, muscular
6366, theatre
6367, pressed
6368, casing
6369, biscuit
6370, cuisine
6371, ordinary
6372, saucers
6373, poorly
6374, tp
6375, cutout
6376, plunger
6377, rotten
6378, filth
6379, rifle
6380, crucifix
6381, backlit
6382, doorways
6383, bridges
6384, pride
6385, vertically
6386, arrived
6387, embrace
6388, serviced
6389, chased
6390, airways
6391, crammed
6392, gazes
6393, dinosaur
6394, ranger
6395, streak
6396, longer
6397, stoop
6398, homeless
6399, unload
6400, tattered
6401, stucco
6402, speckled
6403, russian
6404, yoga
6405, wreck
6406, blooms
6407, cocacola
6408, offspring
6409, turkeys
6410, protest
6411, strap
6412, ups
6413, paints
6414, dumping
6415, mulch
6416, trucked
6417, bookbag
6418, records
6419, goodbye
6420, fold
6421, former
6422, guardrail
6423, likely
6424, flooding
6425, boxers
6426, grounded
6427, skirts
6428, postcard
6429, snapshot
6430, sundown
6431, houseboat
6432, bold
6433, lingerie
6434, role
6435, eiffel
6436, looms
6437, wanders
6438, laughs
6439, health
6440, preserve
6441, theyre
6442, blueberries
6443, ump
6444, happening
6445, overripe
6446, butterflies
6447, halved
6448, ripened
6449, overhand
6450, housing
6451, sprouts
6452, escalator
6453, purchasing
6454, veil
6455, loop
6456, trimmings
6457, dreadlocks
6458, rugby
6459, mixes
6460, waring
6461, devil
6462, highly
6463, burritos
6464, cigarettes
6465, unbuttoned
6466, chunks
6467, clinging
6468, simultaneously
6469, gross
6470, artisan
6471, returned
6472, combs
6473, converted
6474, crisp
6475, companions
6476, planted
6477, internet
6478, beauty
6479, dell
6480, contained
6481, sunflower
6482, donkeys
6483, dribbles
6484, comic
6485, orchids
6486, lantern
6487, waitress
6488, tandem
6489, whisk
6490, throughout
6491, lotion
6492, dental
6493, handicapped
6494, ipad
6495, loaves
6496, tavern
6497, identification
6498, launching
6499, ale
6500, southwest
6501, atlantic
6502, virgin
6503, klm
6504, downwards
6505, shorter
6506, territory
6507, embedded
6508, auto
6509, auction
6510, plastered
6511, writings
6512, aloft
6513, joy
6514, scarfs
6515, netting
6516, squirrel
6517, cardinal
6518, embankment
6519, passage
6520, hauls
6521, destinations
6522, attack
6523, booties
6524, whiskers
6525, riverside
6526, scraps
6527, feasting
6528, smashed
6529, wades
6530, mist
6531, operator
6532, yells
6533, cape
6534, tarp
6535, transports
6536, clapping
6537, cove
6538, egyptian
6539, wrist
6540, bracelet
6541, swampy
6542, tusked
6543, upsidedown
6544, angled
6545, cheetah
6546, brushy
6547, sniff
6548, ina
6549, score
6550, seasonings
6551, roots
6552, victory
6553, sprout
6554, suspension
6555, adventure
6556, engaging
6557, shoots
6558, swiss
6559, pecks
6560, charcoal
6561, disposable
6562, fires
6563, wtih
6564, flavor
6565, boot
6566, pretend
6567, hotels
6568, doves
6569, unplugged
6570, crouch
6571, knick
6572, cordless
6573, soar
6574, lookers
6575, kitesurfing
6576, ornaments
6577, active
6578, ate
6579, overstuffed
6580, plus
6581, singer
6582, handheld
6583, obama
6584, attraction
6585, courthouse
6586, oversize
6587, squirting
6588, mohawk
6589, camo
6590, attentive
6591, teacup
6592, cappuccino
6593, crossbones
6594, filter
6595, simply
6596, musicians
6597, topless
6598, domestic
6599, proper
6600, rotting
6601, etched
6602, bleeding
6603, bubbles
6604, dirtbike
6605, officials
6606, ii
6607, sunrise
6608, fedora
6609, barking
6610, original
6611, peacocks
6612, dyed
6613, cuckoo
6614, coo
6615, limit
6616, teeshirt
6617, obese
6618, penguin
6619, brownie
6620, ducklings
6621, demon
6622, straps
6623, tights
6624, armrest
6625, firefighters
6626, apparently
6627, rig
6628, program
6629, walkie
6630, stables
6631, truly
6632, enthusiastically
6633, hanged
6634, modeling
6635, sailor
6636, media
6637, interviewed
6638, torso
6639, potential
6640, somebodys
6641, hisher
6642, messages
6643, drainage
6644, hump
6645, fatigues
6646, tugging
6647, deflated
6648, draft
6649, harnessed
6650, desolate
6651, screened
6652, scoops
6653, braves
6654, mates
6655, blossom
6656, borders
6657, ramen
6658, ollie
6659, raisins
6660, handlebar
6661, elbow
6662, brave
6663, grinder
6664, hoagie
6665, edible
6666, strolling
6667, dances
6668, snows
6669, spanish
6670, krispy
6671, kreme
6672, occasion
6673, lifeguard
6674, goers
6675, knelt
6676, seaweed
6677, miscellaneous
6678, dunes
6679, aims
6680, jalapenos
6681, whiteboard
6682, final
6683, mats
6684, demonstrating
6685, kettles
6686, smartphones
6687, ton
6688, blowdrying
6689, stony
6690, fascinating
6691, future
6692, university
6693, hearts
6694, ware
6695, vivid
6696, aqua
6697, stark
6698, waking
6699, soiled
6700, individually
6701, marsh
6702, drops
6703, era
6704, performed
6705, tailed
6706, slat
6707, illuminate
6708, holing
6709, brought
6710, sparrow
6711, egret
6712, cupola
6713, pallet
6714, maps
6715, businessmen
6716, velvet
6717, shrine
6718, downed
6719, pandas
6720, graphics
6721, montage
6722, exciting
6723, patrolling
6724, expert
6725, fiving
6726, sending
6727, creatures
6728, cents
6729, sledding
6730, iwth
6731, brussel
6732, brussels
6733, sleeves
6734, completing
6735, losing
6736, purchased
6737, confetti
6738, wakeboarding
6739, trench
6740, mayo
6741, mayonnaise
6742, homeplate
6743, paragliding
6744, suited
6745, glare
6746, brunette
6747, sliver
6748, mousepad
6749, daughters
6750, protection
6751, extend
6752, appointed
6753, foyer
6754, primitive
6755, paris
6756, hamster
6757, artfully
6758, underway
6759, journey
6760, urn
6761, zombies
6762, ultra
6763, modeled
6764, amenities
6765, earrings
6766, closest
6767, plans
6768, taxing
6769, charter
6770, gazebo
6771, slowing
6772, detailing
6773, flaps
6774, scratched
6775, witting
6776, juts
6777, barefooted
6778, harnesses
6779, sanctuary
6780, parading
6781, varied
6782, picket
6783, sings
6784, dodge
6785, fireworks
6786, attracts
6787, drums
6788, firemen
6789, marine
6790, halter
6791, bodies
6792, spell
6793, mowed
6794, captures
6795, outer
6796, vinyl
6797, emblem
6798, maneuvers
6799, lost
6800, baord
6801, cheddar
6802, kneepads
6803, duplicate
6804, ther
6805, sipping
6806, sectioned
6807, coaster
6808, shared
6809, loveseat
6810, grip
6811, settee
6812, venue
6813, welllit
6814, bordering
6815, joker
6816, workbench
6817, loom
6818, palace
6819, modest
6820, spotless
6821, shampoo
6822, ankle
6823, peeler
6824, huts
6825, continental
6826, pigs
6827, crows
6828, peopel
6829, peal
6830, gras
6831, vancouver
6832, common
6833, posting
6834, prince
6835, fe
6836, firetrucks
6837, vessels
6838, kimono
6839, sling
6840, peaks
6841, pomeranian
6842, lasso
6843, ans
6844, sking
6845, segments
6846, concentrating
6847, browned
6848, warmer
6849, fitting
6850, skeleton
6851, nike
6852, griddle
6853, cilantro
6854, exactly
6855, inn
6856, grater
6857, glares
6858, tilts
6859, crispy
6860, birth
6861, spotlight
6862, motif
6863, heat
6864, react
6865, save
6866, netbook
6867, fathers
6868, pod
6869, political
6870, turban
6871, felt
6872, outs
6873, yarn
6874, lobsters
6875, plating
6876, exhaust
6877, heated
6878, skylight
6879, totally
6880, tubs
6881, kickstand
6882, contrails
6883, sheepdog
6884, danger
6885, dramatic
6886, squatted
6887, greenhouse
6888, inclosure
6889, hide
6890, woody
6891, clover
6892, parakeet
6893, de
6894, rabbits
6895, flaming
6896, campaign
6897, scarves
6898, largely
6899, yawns
6900, darkness
6901, mic
6902, document
6903, frolic
6904, spout
6905, robes
6906, chihuahua
6907, gallop
6908, ripening
6909, straddling
6910, yellowish
6911, traversing
6912, majestic
6913, mein
6914, cheer
6915, drum
6916, selections
6917, dangerous
6918, unlit
6919, juggling
6920, tangle
6921, energy
6922, southern
6923, upset
6924, question
6925, shelfs
6926, systems
6927, thames
6928, timer
6929, micro
6930, bound
6931, tab
6932, oxygen
6933, drenched
6934, appetizer
6935, cellar
6936, pinstripe
6937, repaired
6938, assists
6939, ajar
6940, fighters
6941, offroad
6942, accordion
6943, john
6944, protestors
6945, tokyo
6946, protesters
6947, tuck
6948, zipper
6949, quilted
6950, sites
6951, oakland
6952, algae
6953, sunbathers
6954, express
6955, grimaces
6956, butting
6957, campground
6958, exercising
6959, draws
6960, wakeboarder
6961, nun
6962, puzzle
6963, pickled
6964, wth
6965, pills
6966, ontop
6967, batman
6968, holidays
6969, coastal
6970, guinea
6971, dj
6972, stains
6973, textured
6974, ranges
6975, transformed
6976, haircut
6977, sculpted
6978, portraits
6979, nurse
6980, cardigan
6981, organ
6982, cubby
6983, kneel
6984, hutch
6985, peson
6986, bulbs
6987, ducky
6988, cobblestones
6989, blacktop
6990, soaps
6991, taxiing
6992, creates
6993, traveled
6994, bathe
6995, pecking
6996, pelicans
6997, fowl
6998, googly
6999, los
7000, angeles
7001, alaska
7002, messily
7003, services
7004, determined
7005, canopies
7006, geisha
7007, prize
7008, orphanage
7009, needles
7010, rapidly
7011, mm
7012, gardening
7013, sparkling
7014, surboard
7015, decals
7016, lavishly
7017, gymnasium
7018, parlor
7019, imac
7020, empire
7021, selfies
7022, canisters
7023, dollhouse
7024, illuminates
7025, our
7026, roundabout
7027, birdhouse
7028, drift
7029, yield
7030, windmills
7031, learns
7032, overcoat
7033, wardrobe
7034, plump
7035, mule
7036, bruised
7037, haul
7038, unidentified
7039, flask
7040, chilli
7041, shakers
7042, normal
7043, slip
7044, flyer
7045, helped
7046, chat
7047, redhaired
7048, dine
7049, straws
7050, luncheon
7051, plugs
7052, panties
7053, dials
7054, piping
7055, eclectic
7056, raspberry
7057, ever
7058, streamlined
7059, exploring
7060, straightening
7061, telescope
7062, folders
7063, graduation
7064, exits
7065, breed
7066, squinting
7067, trots
7068, hers
7069, buggies
7070, blinders
7071, middleaged
7072, wiener
7073, mmm
7074, guided
7075, beet
7076, crusts
7077, ona
7078, arugula
7079, hardware
7080, winning
7081, comfort
7082, promotional
7083, clicking
7084, catering
7085, announcing
7086, gnome
7087, redone
7088, ivory
7089, mercedes
7090, steeples
7091, atvs
7092, popping
7093, venice
7094, secured
7095, mansion
7096, herb
7097, begging
7098, diet
7099, assembling
7100, actual
7101, chow
7102, pops
7103, urns
7104, tranquil
7105, necessities
7106, forming
7107, yamaha
7108, shabby
7109, mary
7110, italy
7111, rules
7112, chevy
7113, offered
7114, nibbles
7115, restored
7116, beachfront
7117, inverted
7118, congregating
7119, cookbook
7120, discuss
7121, zooms
7122, badge
7123, mismatched
7124, relatively
7125, task
7126, texts
7127, rubble
7128, battery
7129, protrudes
7130, forty
7131, im
7132, refreshments
7133, breasts
7134, barstools
7135, connection
7136, isnt
7137, bales
7138, bills
7139, chess
7140, donation
7141, outskirts
7142, professionally
7143, origami
7144, monks
7145, attacking
7146, sombrero
7147, readying
7148, handstand
7149, unpacked
7150, charms
7151, surfboarders
7152, allowing
7153, stomachs
7154, remain
7155, washes
7156, aid
7157, popcorn
7158, data
7159, artistically
7160, crusted
7161, recessed
7162, knobs
7163, spilled
7164, dusting
7165, perimeter
7166, airshow
7167, filing
7168, centre
7169, penguins
7170, suckling
7171, lipstick
7172, subject
7173, braces
7174, fairy
7175, spins
7176, orchid
7177, barbie
7178, planks
7179, trophies
7180, whirlpool
7181, spa
7182, remarkable
7183, toped
7184, crutches
7185, listed
7186, investigate
7187, wharf
7188, joint
7189, refueling
7190, windsurfers
7191, completed
7192, espresso
7193, dedicated
7194, duty
7195, outfitted
7196, crabs
7197, user
7198, collected
7199, almonds
7200, calzone
7201, nathans
7202, puff
7203, coordinating
7204, mosquito
7205, recreation
7206, ink
7207, anticipating
7208, mango
7209, patties
7210, frown
7211, kilt
7212, cleared
7213, protein
7214, pylons
7215, parliament
7216, leisurely
7217, magnifying
7218, fridges
7219, coolers
7220, scooping
7221, garland
7222, lei
7223, wineglasses
7224, vespa
7225, hoses
7226, pastel
7227, volkswagen
7228, trumpet
7229, youre
7230, wonder
7231, plater
7232, bikinis
7233, alligator
7234, dinette
7235, multilevel
7236, hover
7237, lo
7238, pat
7239, noon
7240, detail
7241, snoozing
7242, pomegranates
7243, plums
7244, quantity
7245, shattered
7246, notice
7247, magnificent
7248, jobs
7249, articles
7250, trolleys
7251, cosmetics
7252, guns
7253, released
7254, girlfriend
7255, badminton
7256, silhouettes
7257, outward
7258, blindfolded
7259, wheeling
7260, culinary
7261, geometric
7262, gallon
7263, movies
7264, reeds
7265, tractors
7266, tortoiseshell
7267, doggie
7268, irish
7269, slid
7270, grits
7271, grating
7272, tasks
7273, lockers
7274, jetway
7275, bomb
7276, civil
7277, nesting
7278, mannequins
7279, arcade
7280, ladders
7281, carcass
7282, actively
7283, powdery
7284, satin
7285, polished
7286, memory
7287, clipboard
7288, carnations
7289, smoked
7290, choosing
7291, caked
7292, thought
7293, grumpy
7294, footprints
7295, creation
7296, properly
7297, splits
7298, sweeping
7299, mailboxes
7300, crowns
7301, unseen
7302, disks
7303, colts
7304, pomegranate
7305, marmalade
7306, scuba
7307, wi
7308, orioles
7309, magnetic
7310, whether
7311, graduate
7312, bystanders
7313, nutella
7314, stunning
7315, twirling
7316, adobe
7317, hatch
7318, wrote
7319, curves
7320, lacrosse
7321, dew
7322, album
7323, conditioner
7324, streaks
7325, drill
7326, mysterious
7327, chestnut
7328, bridled
7329, locking
7330, excellent
7331, bees
7332, duster
7333, dye
7334, taxidermy
7335, disgusting
7336, flows
7337, nursery
7338, banister
7339, skii
7340, marshmallows
7341, cork
7342, prepping
7343, breath
7344, munches
7345, grips
7346, aligned
7347, surprise
7348, cooktop
7349, vaulted
7350, dismantled
7351, backsides
7352, clutches
7353, grade
7354, vacuum
7355, bleak
7356, elizabeth
7357, patricks
7358, limo
7359, exchange
7360, greyhound
7361, railways
7362, cash
7363, register
7364, baltimore
7365, rent
7366, emirates
7367, artichoke
7368, popsicle
7369, spelled
7370, grease
7371, hula
7372, retrieve
7373, orchard
7374, tacos
7375, skateboarded
7376, footed
7377, choo
7378, thousands
7379, charity
7380, tigers
7381, priest
7382, vodka
7383, dollop
7384, vultures
7385, airfrance
7386, toasters
7387, scarecrow
