startseq, 1
man, 2
with, 3
red, 4
helmet, 5
on, 6
small, 7
moped, 8
dirt, 9
road, 10
endseq, 11
riding, 12
motor, 13
bike, 14
the, 15
countryside, 16
back, 17
of, 18
motorcycle, 19
path, 20
young, 21
person, 22
rests, 23
to, 24
foreground, 25
verdant, 26
area, 27
bridge, 28
and, 29
background, 30
mountains, 31
in, 32
shirt, 33
hat, 34
is, 35
hill, 36
side, 37
woman, 38
wearing, 39
net, 40
her, 41
head, 42
cutting, 43
cake, 44
large, 45
white, 46
sheet, 47
hair, 48
there, 49
that, 50
marking, 51
chefs, 52
knife, 53
child, 54
holding, 55
flowered, 56
umbrella, 57
petting, 58
yak, 59
an, 60
next, 61
herd, 62
cattle, 63
boy, 64
barefoot, 65
touching, 66
horn, 67
cow, 68
who, 69
while, 70
standing, 71
livestock, 72
front, 73
computer, 74
keyboard, 75
little, 76
headphones, 77
looking, 78
at, 79
monitor, 80
he, 81
listening, 82
intently, 83
school, 84
stares, 85
up, 86
kid, 87
phones, 88
using, 89
one, 90
long, 91
row, 92
computers, 93
earphones, 94
something, 95
group, 96
people, 97
sitting, 98
desk, 99
children, 100
stations, 101
table, 102
plays, 103
room, 104
cat, 105
girl, 106
smiles, 107
as, 108
she, 109
holds, 110
wears, 111
brightly, 112
colored, 113
skirt, 114
kitchen, 115
working, 116
carrying, 117
soft, 118
toy, 119
intent, 120
blowing, 121
out, 122
candle, 123
preparing, 124
blow, 125
single, 126
bowl, 127
birthday, 128
icecream, 129
getting, 130
ready, 131
dessert, 132
commercial, 133
stainless, 134
pot, 135
food, 136
cooking, 137
some, 138
sits, 139
has, 140
all, 141
steel, 142
appliances, 143
counters, 144
sink, 145
many, 146
machines, 147
cooks, 148
stove, 149
two, 150
men, 151
aprons, 152
professional, 153
metallic, 154
style, 155
around, 156
prepare, 157
several, 158
plates, 159
shirts, 160
restaurant, 161
are, 162
someone, 163
ordered, 164
this, 165
chef, 166
pans, 167
oven, 168
near, 169
very, 170
dark, 171
picture, 172
shelf, 173
cluttered, 174
wall, 175
view, 176
messy, 177
shelves, 178
storage, 179
wood, 180
walls, 181
dim, 182
lit, 183
consisting, 184
objects, 185
put, 186
together, 187
filled, 188
black, 189
lots, 190
counter, 191
top, 192
space, 193
brown, 194
cabinets, 195
tea, 196
kettle, 197
microwave, 198
glass, 199
wooden, 200
modern, 201
may, 202
different, 203
items, 204
sinks, 205
toilet, 206
various, 207
cleaning, 208
dish, 209
washing, 210
station, 211
it, 212
mop, 213
bucket, 214
industrial, 215
bicycle, 216
train, 217
but, 218
guy, 219
his, 220
past, 221
traveling, 222
along, 223
tracks, 224
narrow, 225
utensils, 226
galley, 227
both, 228
sides, 229
hallway, 230
leading, 231
into, 232
doorway, 233
refrigerator, 234
pantry, 235
door, 236
closed, 237
floors, 238
furniture, 239
beautiful, 240
open, 241
dining, 242
features, 243
island, 244
center, 245
windows, 246
made, 247
mostly, 248
laptop, 249
spacious, 250
full, 251
eating, 252
vegetables, 253
forks, 254
mouth, 255
assortment, 256
mixed, 257
eats, 258
plate, 259
fresh, 260
from, 261
shown, 262
variety, 263
plaid, 264
curtains, 265
metal, 266
older, 267
tops, 268
empty, 269
glasses, 270
bottles, 271
placed, 272
performing, 273
kickflip, 274
skateboard, 275
city, 276
street, 277
doing, 278
trick, 279
jumps, 280
air, 281
beneath, 282
him, 283
skateboarder, 284
flipping, 285
board, 286
kitchenette, 287
uses, 288
great, 289
efficiency, 290
image, 291
setting, 292
loaded, 293
pickup, 294
truck, 295
number, 296
things, 297
crowded, 298
overloaded, 299
old, 300
pick, 301
over, 302
cargo, 303
carries, 304
amount, 305
few, 306
ball, 307
stick, 308
spoons, 309
selection, 310
tools, 311
lined, 312
multiple, 313
surrounded, 314
by, 315
chairs, 316
laid, 317
across, 318
boat, 319
mean, 320
wheels, 321
bunch, 322
aboard, 323
being, 324
rolled, 325
trailer, 326
cart, 327
students, 328
workstation, 329
examines, 330
lap, 331
hand, 332
other, 333
mouse, 334
use, 335
reading, 336
material, 337
elephant, 338
water, 339
creek, 340
forest, 341
river, 342
rides, 343
couple, 344
women, 345
home, 346
dinner, 347
lights, 348
huge, 349
pan, 350
inside, 351
granite, 352
baby, 353
laying, 354
down, 355
teddy, 356
bear, 357
crib, 358
stuffed, 359
gloves, 360
lying, 361
left, 362
taking, 363
lays, 364
beside, 365
lies, 366
blue, 367
green, 368
bedding, 369
bikers, 370
building, 371
shots, 372
bicycles, 373
streets, 374
tall, 375
bikes, 376
photos, 377
approaching, 378
bird, 379
three, 380
riders, 381
trees, 382
pigeon, 383
coming, 384
smiling, 385
colorful, 386
bicyclists, 387
park, 388
kitten, 389
fence, 390
tank, 391
yard, 392
yellow, 393
kitty, 394
bathroom, 395
just, 396
toliet, 397
section, 398
lighting, 399
cabinet, 400
mirror, 401
been, 402
cleaned, 403
store, 404
shows, 405
males, 406
leaning, 407
toward, 408
adjust, 409
shop, 410
employee, 411
helping, 412
customer, 413
talking, 414
about, 415
shower, 416
stall, 417
interesting, 418
tile, 419
focal, 420
point, 421
perspective, 422
washroom, 423
under, 424
stand, 425
persons, 426
reflection, 427
behind, 428
mirrored, 429
corner, 430
bathtub, 431
mirrors, 432
tub, 433
doors, 434
beige, 435
bedroom, 436
another, 437
double, 438
carpeted, 439
floor, 440
vanity, 441
opens, 442
diamond, 443
patterned, 444
onto, 445
walk, 446
closet, 447
walkin, 448
jacuzzi, 449
tiled, 450
adjoining, 451
flowers, 452
shot, 453
includes, 454
letter, 455
framed, 456
potted, 457
plant, 458
tissue, 459
commode, 460
enclosed, 461
clean, 462
featuring, 463
ride, 464
busy, 465
lane, 466
passing, 467
burger, 468
king, 469
most, 470
not, 471
nice, 472
displayed, 473
piece, 474
interior, 475
scene, 476
furnishings, 477
including, 478
dogs, 479
they, 480
restroom, 481
camera, 482
currently, 483
repair, 484
photograph, 485
undergoing, 486
major, 487
renovations, 488
process, 489
remodeling, 490
where, 491
installed, 492
construction, 493
unfinished, 494
plumbing, 495
for, 496
guests, 497
bath, 498
standup, 499
which, 500
covered, 501
tiles, 502
without, 503
curtain, 504
held, 505
walled, 506
see, 507
through, 508
faded, 509
paint, 510
no, 511
panel, 512
needs, 513
be, 514
painted, 515
dust, 516
brush, 517
low, 518
rough, 519
close, 520
pale, 521
cement, 522
broom, 523
window, 524
fixtures, 525
contains, 526
well, 527
above, 528
them, 529
equipment, 530
fire, 531
extinguisher, 532
photo, 533
porcelain, 534
posed, 535
tan, 536
flower, 537
ground, 538
curb, 539
house, 540
lawn, 541
sidewalk, 542
outside, 543
gray, 544
locked, 545
chained, 546
hanging, 547
median, 548
lady, 549
divider, 550
takes, 551
public, 552
big, 553
flooring, 554
each, 555
used, 556
us, 557
multicolored, 558
pedestal, 559
cars, 560
driving, 561
highway, 562
traffic, 563
stop, 564
intersection, 565
sit, 566
asia, 567
taxi, 568
cabs, 569
buildings, 570
heavy, 571
going, 572
direction, 573
stuck, 574
high, 575
way, 576
parking, 577
late, 578
evening, 579
parked, 580
wires, 581
break, 582
glow, 583
waits, 584
signs, 585
opened, 586
like, 587
mug, 588
himself, 589
self, 590
cell, 591
phone, 592
selfie, 593
bare, 594
varying, 595
awaits, 596
cabinetry, 597
meters, 598
series, 599
located, 600
meter, 601
car, 602
elegant, 603
decorations, 604
fashion, 605
gold, 606
feet, 607
lovely, 608
claw, 609
foot, 610
seen, 611
stuff, 612
shelving, 613
unit, 614
between, 615
hygiene, 616
products, 617
wrong, 618
additional, 619
medicine, 620
urinal, 621
mounted, 622
pair, 623
tongs, 624
thing, 625
glazed, 626
donut, 627
rod, 628
tasty, 629
treat, 630
antenna, 631
orange, 632
striped, 633
tabby, 634
vehicles, 635
wheel, 636
fluffy, 637
tail, 638
tire, 639
vehicle, 640
hiding, 641
fender, 642
jetliner, 643
flying, 644
airplane, 645
flies, 646
sky, 647
comes, 648
land, 649
plane, 650
silver, 651
bus, 652
lot, 653
parks, 654
metro, 655
outdoor, 656
resting, 657
playing, 658
stepping, 659
playground, 660
skateboarding, 661
jacket, 662
attire, 663
tie, 664
eyes, 665
dressed, 666
necktie, 667
nicely, 668
surfboards, 669
field, 670
fashioned, 671
retro, 672
light, 673
wagon, 674
surfboard, 675
cop, 676
police, 677
officer, 678
cops, 679
backpack, 680
book, 681
bag, 682
stone, 683
floored, 684
possibly, 685
lid, 686
blurry, 687
seat, 688
perched, 689
was, 690
position, 691
revealing, 692
non, 693
transparent, 694
plain, 695
birds, 696
church, 697
spire, 698
decorative, 699
roof, 700
clock, 701
tower, 702
towering, 703
its, 704
steeple, 705
fly, 706
driveway, 707
license, 708
luxurious, 709
hedge, 710
showing, 711
container, 712
crosses, 713
decorated, 714
base, 715
designed, 716
neck, 717
shut, 718
off, 719
sort, 720
religious, 721
object, 722
shiny, 723
picking, 724
bananas, 725
bunches, 726
attending, 727
bundles, 728
grabbing, 729
stack, 730
pile, 731
sun, 732
plaque, 733
middle, 734
decor, 735
decoration, 736
decal, 737
horses, 738
grazing, 739
pasture, 740
filed, 741
grass, 742
horse, 743
drawn, 744
carriage, 745
walking, 746
pass, 747
outdoors, 748
pavement, 749
discarded, 750
someones, 751
display, 752
crowd, 753
shopping, 754
graze, 755
amid, 756
snow, 757
melting, 758
spot, 759
estate, 760
wind, 761
indicator, 762
weather, 763
vane, 764
clear, 765
cycle, 766
tree, 767
unattended, 768
roadway, 769
trash, 770
can, 771
compact, 772
waste, 773
bin, 774
toilette, 775
purple, 776
brick, 777
sport, 778
motorbike, 779
blur, 780
against, 781
office, 782
works, 783
motorcycles, 784
hats, 785
their, 786
bowls, 787
bottle, 788
cinnamon, 789
sugar, 790
cereal, 791
milk, 792
desert, 793
mashed, 794
oatmeal, 795
eat, 796
rows, 797
helmets, 798
motorbikes, 799
line, 800
set, 801
makes, 802
tightly, 803
columns, 804
grouped, 805
ally, 806
neighborhood, 807
alley, 808
lush, 809
mopeds, 810
scooter, 811
hope, 812
setup, 813
printer, 814
scanner, 815
extra, 816
tablet, 817
overlooking, 818
closeup, 819
oneway, 820
straight, 821
ahead, 822
lanes, 823
heading, 824
motorized, 825
scooters, 826
stopped, 827
living, 828
tv, 829
lamp, 830
screen, 831
television, 832
flat, 833
surround, 834
sound, 835
country, 836
swiftly, 837
case, 838
packed, 839
boxed, 840
delivery, 841
market, 842
packaged, 843
boxes, 844
cardboard, 845
box, 846
plastic, 847
unopened, 848
perfectly, 849
ripe, 850
barrel, 851
or, 852
plantains, 853
piled, 854
containers, 855
depicting, 856
writing, 857
ticket, 858
rider, 859
race, 860
track, 861
racetrack, 862
racer, 863
performance, 864
pitcher, 865
beverage, 866
slices, 867
cold, 868
juice, 869
beer, 870
cup, 871
stands, 872
containing, 873
liquid, 874
sliced, 875
oranges, 876
wide, 877
nearing, 878
nearby, 879
electric, 880
facade, 881
town, 882
bread, 883
basket, 884
newspaper, 885
grey, 886
wine, 887
winery, 888
among, 889
bench, 890
entrance, 891
cottage, 892
cabin, 893
garden, 894
dog, 895
watches, 896
animal, 897
facing, 898
away, 899
watching, 900
wildlife, 901
hound, 902
rug, 903
advertising, 904
arizona, 905
airport, 906
baggage, 907
claim, 908
terminal, 909
displaying, 910
ad, 911
jumping, 912
news, 913
passes, 914
find, 915
taken, 916
four, 917
engine, 918
jet, 919
transport, 920
grassy, 921
jumbo, 922
landing, 923
flight, 924
china, 925
sign, 926
runway, 927
airfield, 928
safety, 929
vest, 930
arms, 931
giving, 932
directions, 933
controller, 934
directing, 935
reflective, 936
gear, 937
airliner, 938
sticks, 939
vintage, 940
propeller, 941
planes, 942
renovated, 943
propellor, 944
fighter, 945
tarmac, 946
pilot, 947
war, 948
type, 949
taxis, 950
take, 951
towards, 952
wet, 953
unloading, 954
arrival, 955
gates, 956
airplanes, 957
carrier, 958
pulls, 959
gate, 960
boarding, 961
passengers, 962
fancy, 963
emptied, 964
plan, 965
personal, 966
cross, 967
pulled, 968
crossing, 969
signal, 970
crosswalk, 971
night, 972
appearing, 973
confusing, 974
electronic, 975
glows, 976
time, 977
arrows, 978
stripes, 979
airstrip, 980
model, 981
american, 982
wings, 983
bending, 984
check, 985
radio, 986
operated, 987
crouched, 988
kneeling, 989
miniature, 990
cloudy, 991
partially, 992
day, 993
biplane, 994
siting, 995
sunny, 996
lone, 997
underneath, 998
giraffe, 999
leaves, 1000
native, 1001
slowly, 1002
giraffes, 1003
place, 1004
wing, 1005
pointed, 1006
landscape, 1007
sandy, 1008
hills, 1009
rain, 1010
mountain, 1011
looks, 1012
ascends, 1013
passenger, 1014
beginning, 1015
ascent, 1016
sheep, 1017
beach, 1018
farm, 1019
animals, 1020
bright, 1021
sheeps, 1022
chewing, 1023
hay, 1024
hungry, 1025
zoo, 1026
alone, 1027
rocky, 1028
shines, 1029
drive, 1030
skyscrapers, 1031
shining, 1032
sunlight, 1033
elderly, 1034
bottom, 1035
poster, 1036
billboard, 1037
art, 1038
installation, 1039
stopping, 1040
get, 1041
doesnt, 1042
appear, 1043
anyone, 1044
waiting, 1045
africa, 1046
goes, 1047
vast, 1048
expanse, 1049
puffy, 1050
clouds, 1051
fill, 1052
den, 1053
licks, 1054
limb, 1055
strangely, 1056
lick, 1057
branch, 1058
bark, 1059
glowing, 1060
clearly, 1061
visible, 1062
pole, 1063
attached, 1064
sets, 1065
drinking, 1066
drink, 1067
pond, 1068
awkwardly, 1069
sips, 1070
puddle, 1071
knees, 1072
rocks, 1073
stroll, 1074
bush, 1075
rub, 1076
necks, 1077
paths, 1078
pin, 1079
enclosure, 1080
hits, 1081
body, 1082
smaller, 1083
exhibit, 1084
posted, 1085
south, 1086
streetlight, 1087
directional, 1088
naked, 1089
stoplight, 1090
signals, 1091
plants, 1092
overgrown, 1093
hose, 1094
chair, 1095
wilderness, 1096
creepy, 1097
eye, 1098
shaped, 1099
rear, 1100
below, 1101
end, 1102
situated, 1103
vase, 1104
woods, 1105
dusk, 1106
cathedral, 1107
direct, 1108
illuminated, 1109
second, 1110
show, 1111
if, 1112
busted, 1113
pedestrian, 1114
symbol, 1115
sunglasses, 1116
walks, 1117
herself, 1118
commuter, 1119
buses, 1120
urban, 1121
opposite, 1122
bent, 1123
submerged, 1124
flood, 1125
waters, 1126
grill, 1127
flooded, 1128
muddy, 1129
paper, 1130
pier, 1131
structure, 1132
reaching, 1133
greet, 1134
extends, 1135
onlooker, 1136
feeding, 1137
approaches, 1138
almost, 1139
touches, 1140
speaking, 1141
broken, 1142
kids, 1143
chips, 1144
rusted, 1145
pink, 1146
hydrant, 1147
slightly, 1148
rusty, 1149
make, 1150
look, 1151
more, 1152
festive, 1153
stickers, 1154
making, 1155
face, 1156
sandwich, 1157
sticky, 1158
sculpture, 1159
pushing, 1160
inner, 1161
courtyard, 1162
having, 1163
fun, 1164
newly, 1165
married, 1166
emo, 1167
hipster, 1168
wedding, 1169
bride, 1170
groom, 1171
pose, 1172
pictures, 1173
leaking, 1174
gushing, 1175
pouring, 1176
spilling, 1177
flock, 1178
pen, 1179
dusted, 1180
girls, 1181
firefighter, 1182
fireman, 1183
poking, 1184
fired, 1185
balloon, 1186
zebra, 1187
ducks, 1188
duck, 1189
freeway, 1190
states, 1191
north, 1192
float, 1193
parade, 1194
towing, 1195
wheeled, 1196
band, 1197
part, 1198
swan, 1199
floating, 1200
flags, 1201
tents, 1202
docked, 1203
bank, 1204
shore, 1205
lake, 1206
backdrop, 1207
dry, 1208
boats, 1209
harbor, 1210
seagulls, 1211
floats, 1212
patch, 1213
threw, 1214
palm, 1215
neon, 1216
reflections, 1217
streaming, 1218
thru, 1219
crane, 1220
because, 1221
warning, 1222
languages, 1223
vertical, 1224
triangle, 1225
english, 1226
foreign, 1227
same, 1228
wavy, 1229
swimming, 1230
ocean, 1231
waves, 1232
beak, 1233
swims, 1234
closely, 1235
dispenser, 1236
gather, 1237
fed, 1238
surrounding, 1239
raised, 1240
gathered, 1241
mural, 1242
heard, 1243
scattered, 1244
gathering, 1245
quiet, 1246
growing, 1247
post, 1248
fruit, 1249
apple, 1250
travels, 1251
historical, 1252
travel, 1253
tropical, 1254
forward, 1255
spots, 1256
zebras, 1257
turns, 1258
pack, 1259
rd, 1260
books, 1261
stacked, 1262
shelve, 1263
rack, 1264
types, 1265
id, 1266
age, 1267
says, 1268
you, 1269
must, 1270
enter, 1271
cover, 1272
cab, 1273
indicating, 1274
distance, 1275
statue, 1276
lion, 1277
new, 1278
york, 1279
library, 1280
lions, 1281
statues, 1282
appears, 1283
signage, 1284
repairing, 1285
attaching, 1286
work, 1287
less, 1288
than, 1289
mile, 1290
trail, 1291
hangs, 1292
apartment, 1293
perches, 1294
claws, 1295
arrow, 1296
points, 1297
oil, 1298
flag, 1299
reads, 1300
damaged, 1301
word, 1302
run, 1303
staring, 1304
directly, 1305
lens, 1306
massive, 1307
pennsylvania, 1308
avenue, 1309
stately, 1310
adorned, 1311
ornate, 1312
st, 1313
ones, 1314
feathers, 1315
lettering, 1316
adorns, 1317
concrete, 1318
live, 1319
life, 1320
painting, 1321
sneakers, 1322
hang, 1323
av, 1324
first, 1325
shoes, 1326
power, 1327
lines, 1328
cages, 1329
sheets, 1330
have, 1331
clothes, 1332
covering, 1333
cloth, 1334
strapped, 1335
advantage, 1336
diving, 1337
splashes, 1338
asian, 1339
language, 1340
somewhere, 1341
poll, 1342
interstate, 1343
gliding, 1344
snowy, 1345
range, 1346
photographer, 1347
rather, 1348
name, 1349
indicates, 1350
pedestrians, 1351
during, 1352
winter, 1353
panting, 1354
tongue, 1355
goats, 1356
cute, 1357
adult, 1358
rock, 1359
sick, 1360
hurdle, 1361
ramp, 1362
crouching, 1363
balancing, 1364
printed, 1365
poles, 1366
sticking, 1367
posts, 1368
similar, 1369
hilltop, 1370
fields, 1371
canadian, 1372
geese, 1373
swim, 1374
alongside, 1375
wading, 1376
cage, 1377
unusual, 1378
headed, 1379
story, 1380
dr, 1381
focused, 1382
atop, 1383
dead, 1384
ram, 1385
bends, 1386
woolly, 1387
broadway, 1388
advertisement, 1389
star, 1390
nypd, 1391
security, 1392
edge, 1393
cliff, 1394
barn, 1395
numerous, 1396
interact, 1397
explaining, 1398
treelined, 1399
cones, 1400
landscaping, 1401
here, 1402
shops, 1403
selling, 1404
dress, 1405
poses, 1406
walkway, 1407
posing, 1408
legs, 1409
flamingos, 1410
shallow, 1411
foraging, 1412
drives, 1413
railroad, 1414
trains, 1415
scouts, 1416
uniform, 1417
scout, 1418
tiny, 1419
angry, 1420
fish, 1421
guys, 1422
bookshelf, 1423
conversation, 1424
these, 1425
costumes, 1426
snowboard, 1427
mask, 1428
crazy, 1429
hands, 1430
scary, 1431
costume, 1432
snowboarder, 1433
hugged, 1434
upward, 1435
rounding, 1436
bend, 1437
curve, 1438
moving, 1439
graffiti, 1440
weathered, 1441
spray, 1442
elaborate, 1443
freight, 1444
marked, 1445
gas, 1446
parrots, 1447
log, 1448
watering, 1449
tin, 1450
moves, 1451
last, 1452
grain, 1453
pulling, 1454
short, 1455
speeds, 1456
planter, 1457
real, 1458
bed, 1459
shape, 1460
planters, 1461
clutter, 1462
junction, 1463
posters, 1464
houses, 1465
running, 1466
speed, 1467
platform, 1468
arriving, 1469
photographs, 1470
peeks, 1471
tunnel, 1472
overpass, 1473
depot, 1474
milling, 1475
humorous, 1476
pictured, 1477
sox, 1478
supporting, 1479
words, 1480
written, 1481
marker, 1482
freshly, 1483
plowed, 1484
wonderland, 1485
suburban, 1486
recently, 1487
rural, 1488
carts, 1489
videos, 1490
worker, 1491
jack, 1492
hammer, 1493
operating, 1494
blond, 1495
knitting, 1496
sweater, 1497
coin, 1498
paying, 1499
decorating, 1500
fake, 1501
putting, 1502
wrapping, 1503
designs, 1504
sand, 1505
credit, 1506
cards, 1507
remaining, 1508
porch, 1509
dock, 1510
beam, 1511
ledge, 1512
rest, 1513
sunbathing, 1514
milking, 1515
authentic, 1516
bulldozer, 1517
asphalt, 1518
machine, 1519
vests, 1520
dump, 1521
pay, 1522
loader, 1523
workers, 1524
own, 1525
fat, 1526
hauling, 1527
funny, 1528
logs, 1529
travelling, 1530
semitruck, 1531
shoe, 1532
laces, 1533
navy, 1534
strings, 1535
tiger, 1536
business, 1537
gravel, 1538
antique, 1539
classic, 1540
booth, 1541
event, 1542
bull, 1543
vendor, 1544
ox, 1545
tow, 1546
card, 1547
tows, 1548
care, 1549
towed, 1550
luggage, 1551
suitcase, 1552
owner, 1553
amongst, 1554
clothing, 1555
sleeping, 1556
folded, 1557
furry, 1558
couch, 1559
sofa, 1560
arm, 1561
sad, 1562
expression, 1563
right, 1564
kind, 1565
banana, 1566
bite, 1567
perch, 1568
peek, 1569
maroon, 1570
coffee, 1571
recliner, 1572
monitors, 1573
cows, 1574
horizon, 1575
grazes, 1576
bulls, 1577
calmly, 1578
fair, 1579
piles, 1580
stable, 1581
lie, 1582
stalls, 1583
sill, 1584
curious, 1585
wandering, 1586
meadow, 1587
cats, 1588
lay, 1589
fast, 1590
asleep, 1591
lounging, 1592
itself, 1593
firetruck, 1594
hides, 1595
drawers, 1596
peaking, 1597
flatbed, 1598
transporting, 1599
load, 1600
carry, 1601
faced, 1602
bushes, 1603
kinds, 1604
electronics, 1605
stereo, 1606
others, 1607
calf, 1608
upon, 1609
mud, 1610
heads, 1611
silo, 1612
featured, 1613
skies, 1614
remote, 1615
controls, 1616
control, 1617
blanket, 1618
trucks, 1619
stretched, 1620
nets, 1621
fishing, 1622
pontoon, 1623
wrecked, 1624
umbrellas, 1625
shaded, 1626
steer, 1627
alert, 1628
tied, 1629
peeking, 1630
savannah, 1631
elephants, 1632
mother, 1633
mama, 1634
grown, 1635
roam, 1636
freely, 1637
wildebeests, 1638
golden, 1639
grasses, 1640
assorted, 1641
ties, 1642
racks, 1643
neatly, 1644
sale, 1645
mens, 1646
dozens, 1647
colors, 1648
figurines, 1649
ceramic, 1650
figurine, 1651
photographed, 1652
signing, 1653
important, 1654
documents, 1655
papers, 1656
suit, 1657
suits, 1658
also, 1659
seated, 1660
mediumsized, 1661
marina, 1662
moored, 1663
sizes, 1664
sized, 1665
moustache, 1666
individual, 1667
comical, 1668
mustache, 1669
serious, 1670
facial, 1671
tying, 1672
do, 1673
bow, 1674
sailboat, 1675
lighthouse, 1676
ship, 1677
upside, 1678
turned, 1679
shoreline, 1680
flipped, 1681
entering, 1682
groups, 1683
trunk, 1684
toned, 1685
throwing, 1686
spraying, 1687
besides, 1688
indian, 1689
jugs, 1690
tanks, 1691
ridden, 1692
ferry, 1693
teddybear, 1694
tug, 1695
jungle, 1696
wild, 1697
daytime, 1698
prairie, 1699
dusty, 1700
shrubbery, 1701
male, 1702
tusks, 1703
family, 1704
formally, 1705
habitat, 1706
onlookers, 1707
docks, 1708
cranes, 1709
reach, 1710
patiently, 1711
railing, 1712
gazing, 1713
sea, 1714
port, 1715
bring, 1716
gated, 1717
adults, 1718
gun, 1719
formal, 1720
suspenders, 1721
party, 1722
sprawled, 1723
bags, 1724
accessories, 1725
spread, 1726
thrown, 1727
shoulder, 1728
paddles, 1729
canoe, 1730
kayak, 1731
rowing, 1732
glides, 1733
kayaks, 1734
canal, 1735
congested, 1736
within, 1737
ships, 1738
docking, 1739
yachts, 1740
rhinoceros, 1741
far, 1742
rhino, 1743
hold, 1744
share, 1745
wooded, 1746
neckties, 1747
patterns, 1748
color, 1749
six, 1750
levels, 1751
pattern, 1752
sailing, 1753
crystal, 1754
decker, 1755
tour, 1756
waving, 1757
sails, 1758
still, 1759
extremely, 1760
calm, 1761
abandoned, 1762
leads, 1763
following, 1764
parasol, 1765
gloomy, 1766
foggy, 1767
embracing, 1768
hugging, 1769
whos, 1770
keeper, 1771
caged, 1772
bathing, 1773
hot, 1774
stretching, 1775
upwards, 1776
feed, 1777
grove, 1778
pieces, 1779
son, 1780
guiding, 1781
rubbing, 1782
captive, 1783
branches, 1784
parklike, 1785
raises, 1786
grab, 1787
twigs, 1788
lifts, 1789
wade, 1790
wire, 1791
touch, 1792
trunks, 1793
shades, 1794
chest, 1795
polka, 1796
dot, 1797
belt, 1798
driver, 1799
brief, 1800
tattoos, 1801
tourists, 1802
horsedrawn, 1803
cases, 1804
block, 1805
suitcases, 1806
louis, 1807
animation, 1808
scarf, 1809
dimensional, 1810
images, 1811
stylish, 1812
drawings, 1813
handles, 1814
deployed, 1815
help, 1816
when, 1817
rolling, 1818
combination, 1819
lock, 1820
handle, 1821
frisbee, 1822
catch, 1823
trying, 1824
briefcase, 1825
toddler, 1826
persian, 1827
carpet, 1828
protecting, 1829
covers, 1830
infant, 1831
really, 1832
need, 1833
match, 1834
hotel, 1835
deck, 1836
adjusting, 1837
placing, 1838
too, 1839
anything, 1840
retriever, 1841
pool, 1842
sleeps, 1843
backyard, 1844
daily, 1845
stories, 1846
creature, 1847
magazine, 1848
always, 1849
print, 1850
latest, 1851
cartoon, 1852
characters, 1853
airline, 1854
stare, 1855
puppy, 1856
snuggled, 1857
pillow, 1858
cushions, 1859
shaggy, 1860
gets, 1861
served, 1862
broccoli, 1863
given, 1864
polar, 1865
styled, 1866
fours, 1867
backpacks, 1868
hunting, 1869
salmon, 1870
stream, 1871
bears, 1872
fallen, 1873
toss, 1874
disc, 1875
smelling, 1876
vibrant, 1877
game, 1878
motion, 1879
throw, 1880
catching, 1881
five, 1882
circular, 1883
play, 1884
waterfront, 1885
friends, 1886
early, 1887
hour, 1888
purses, 1889
peacefully, 1890
pillows, 1891
sleepy, 1892
disk, 1893
female, 1894
catches, 1895
towel, 1896
wetsuit, 1897
sunset, 1898
rumpled, 1899
mattress, 1900
terrier, 1901
blankets, 1902
reflected, 1903
campsite, 1904
barbecue, 1905
grate, 1906
fenced, 1907
bars, 1908
younger, 1909
teens, 1910
dune, 1911
racing, 1912
captivity, 1913
cliffs, 1914
followed, 1915
hiker, 1916
canyon, 1917
hillside, 1918
shady, 1919
wooly, 1920
curly, 1921
biting, 1922
fighting, 1923
involved, 1924
fight, 1925
playful, 1926
teeth, 1927
terrain, 1928
hind, 1929
wrestling, 1930
groomed, 1931
kite, 1932
throws, 1933
yelling, 1934
leans, 1935
plains, 1936
grassland, 1937
we, 1938
shrub, 1939
knee, 1940
leg, 1941
donkey, 1942
collage, 1943
places, 1944
frame, 1945
scrub, 1946
shrubs, 1947
summer, 1948
savanna, 1949
afternoon, 1950
jockeys, 1951
cowboys, 1952
uniforms, 1953
attention, 1954
deer, 1955
gazelles, 1956
portion, 1957
buggy, 1958
thats, 1959
watch, 1960
team, 1961
farmer, 1962
plowing, 1963
plow, 1964
trotting, 1965
hilly, 1966
leather, 1967
coat, 1968
pet, 1969
ranch, 1970
trainer, 1971
horseback, 1972
pathway, 1973
led, 1974
saddle, 1975
pony, 1976
hairy, 1977
bushy, 1978
tails, 1979
ponies, 1980
practicing, 1981
certain, 1982
tending, 1983
trolly, 1984
stops, 1985
before, 1986
pull, 1987
trolley, 1988
angles, 1989
markings, 1990
faces, 1991
gaze, 1992
course, 1993
jockey, 1994
wait, 1995
only, 1996
trails, 1997
gallops, 1998
somewhat, 1999
competition, 2000
knights, 2001
performers, 2002
medieval, 2003
times, 2004
perform, 2005
arena, 2006
jousting, 2007
knight, 2008
outfits, 2009
character, 2010
surface, 2011
elegantly, 2012
sword, 2013
figures, 2014
corn, 2015
bridle, 2016
cream, 2017
lead, 2018
rope, 2019
bun, 2020
lettuce, 2021
hotdog, 2022
ketchup, 2023
topped, 2024
foods, 2025
cheese, 2026
meat, 2027
cheeses, 2028
sausages, 2029
fruits, 2030
meats, 2031
baseball, 2032
player, 2033
bat, 2034
hit, 2035
powdered, 2036
breakfast, 2037
item, 2038
pancakes, 2039
toppings, 2040
sauce, 2041
whipped, 2042
swinging, 2043
players, 2044
pitch, 2045
hitting, 2046
try, 2047
lunch, 2048
tray, 2049
tangerines, 2050
pear, 2051
apples, 2052
pears, 2053
array, 2054
boys, 2055
league, 2056
balls, 2057
forth, 2058
softball, 2059
clusters, 2060
hung, 2061
magazines, 2062
slice, 2063
ornament, 2064
scoop, 2065
ice, 2066
grocery, 2067
supermarket, 2068
produce, 2069
indoor, 2070
winding, 2071
prepares, 2072
catchers, 2073
mitt, 2074
attentively, 2075
third, 2076
engages, 2077
defensive, 2078
cap, 2079
skis, 2080
jump, 2081
participating, 2082
go, 2083
surfing, 2084
surfer, 2085
skiing, 2086
chain, 2087
link, 2088
baskets, 2089
etc, 2090
buckets, 2091
include, 2092
potatoes, 2093
price, 2094
arrangement, 2095
saying, 2096
how, 2097
much, 2098
arranged, 2099
pitchers, 2100
mound, 2101
jersey, 2102
action, 2103
desserts, 2104
chocolate, 2105
deserts, 2106
stalk, 2107
peak, 2108
slope, 2109
mounting, 2110
ski, 2111
skier, 2112
slopes, 2113
casts, 2114
shadow, 2115
bundled, 2116
headdress, 2117
necklace, 2118
outfit, 2119
shoulders, 2120
laughing, 2121
performer, 2122
spoon, 2123
stir, 2124
fry, 2125
frying, 2126
accompanied, 2127
onions, 2128
stirs, 2129
skiers, 2130
salads, 2131
cut, 2132
pizza, 2133
salad, 2134
soda, 2135
rice, 2136
cola, 2137
fried, 2138
dough, 2139
meal, 2140
doughnuts, 2141
donuts, 2142
frosting, 2143
bagels, 2144
seafood, 2145
cooked, 2146
shrimp, 2147
vegetable, 2148
carrots, 2149
warm, 2150
greeting, 2151
celebrating, 2152
after, 2153
win, 2154
fives, 2155
jackets, 2156
mangoes, 2157
pasta, 2158
finely, 2159
shredded, 2160
beef, 2161
main, 2162
entree, 2163
steak, 2164
steamed, 2165
emerging, 2166
bug, 2167
fork, 2168
twig, 2169
candies, 2170
junk, 2171
sprinkles, 2172
cherries, 2173
sundae, 2174
sweet, 2175
treats, 2176
chicken, 2177
soup, 2178
cauliflower, 2179
scallions, 2180
onion, 2181
slicer, 2182
celery, 2183
mini, 2184
stalks, 2185
steps, 2186
grinding, 2187
stairway, 2188
chinese, 2189
skate, 2190
teenager, 2191
shells, 2192
eaten, 2193
mixture, 2194
beans, 2195
smile, 2196
evergreens, 2197
aquarium, 2198
tape, 2199
measure, 2200
pants, 2201
thick, 2202
snowboarding, 2203
square, 2204
carrot, 2205
giant, 2206
cricket, 2207
insect, 2208
ramps, 2209
practices, 2210
skatepark, 2211
protective, 2212
patio, 2213
hooded, 2214
hollywood, 2215
skateboards, 2216
picked, 2217
soil, 2218
woven, 2219
earth, 2220
dirty, 2221
learning, 2222
cock, 2223
boots, 2224
toothbrushes, 2225
tube, 2226
toothpaste, 2227
tooth, 2228
brushes, 2229
paste, 2230
skateboarders, 2231
skating, 2232
rail, 2233
stunt, 2234
bar, 2235
skater, 2236
does, 2237
railings, 2238
manual, 2239
tennis, 2240
shorts, 2241
skiier, 2242
happy, 2243
demolished, 2244
snowman, 2245
relish, 2246
condiments, 2247
monochrome, 2248
boards, 2249
tricks, 2250
slanted, 2251
burrito, 2252
teenagers, 2253
hoodie, 2254
boarder, 2255
indoors, 2256
slides, 2257
pickle, 2258
snowboards, 2259
fort, 2260
enjoying, 2261
bites, 2262
african, 2263
wintery, 2264
sandwiches, 2265
deli, 2266
tags, 2267
plenty, 2268
buy, 2269
pastries, 2270
muffins, 2271
storm, 2272
incline, 2273
boarders, 2274
sausage, 2275
chili, 2276
garage, 2277
crate, 2278
buns, 2279
regular, 2280
styrofoam, 2281
wedges, 2282
doughnut, 2283
sweatshirt, 2284
boiled, 2285
eggs, 2286
picnic, 2287
wax, 2288
drinks, 2289
napkins, 2290
weird, 2291
what, 2292
sliding, 2293
bean, 2294
chew, 2295
missing, 2296
enjoys, 2297
snowboarders, 2298
conversing, 2299
geared, 2300
rink, 2301
gently, 2302
roofed, 2303
facility, 2304
lodge, 2305
snack, 2306
serving, 2307
sweets, 2308
bakery, 2309
trays, 2310
napkin, 2311
sprinkled, 2312
half, 2313
varieties, 2314
icing, 2315
purchase, 2316
baked, 2317
goods, 2318
twp, 2319
fingers, 2320
enormous, 2321
guest, 2322
ten, 2323
flavored, 2324
toasted, 2325
grilled, 2326
panini, 2327
fries, 2328
platter, 2329
toothpicks, 2330
french, 2331
wrapped, 2332
bagged, 2333
yummy, 2334
sprinkle, 2335
basketball, 2336
tattoo, 2337
uniformed, 2338
hoop, 2339
goal, 2340
kicking, 2341
soccer, 2342
kicks, 2343
candles, 2344
year, 2345
delicious, 2346
done, 2347
baking, 2348
rising, 2349
wave, 2350
bodysuit, 2351
halves, 2352
doily, 2353
teams, 2354
competing, 2355
chasing, 2356
praying, 2357
youth, 2358
huddling, 2359
coach, 2360
kick, 2361
contending, 2362
tractor, 2363
highchair, 2364
surfboarder, 2365
bringing, 2366
breaking, 2367
crashing, 2368
football, 2369
members, 2370
deciding, 2371
returns, 2372
goalie, 2373
falls, 2374
mate, 2375
mom, 2376
hospital, 2377
hooked, 2378
pointing, 2379
finger, 2380
notebook, 2381
childs, 2382
toes, 2383
fudge, 2384
layered, 2385
pastry, 2386
creme, 2387
whip, 2388
possible, 2389
drying, 2390
upright, 2391
frames, 2392
mattresses, 2393
rooms, 2394
fireplace, 2395
displays, 2396
give, 2397
drizzled, 2398
frosted, 2399
attempts, 2400
read, 2401
novel, 2402
instructing, 2403
dad, 2404
coaches, 2405
beds, 2406
headboard, 2407
differently, 2408
twin, 2409
cozy, 2410
surf, 2411
mickey, 2412
ears, 2413
mouses, 2414
resort, 2415
privacy, 2416
rental, 2417
canopy, 2418
frowning, 2419
pf, 2420
surfers, 2421
surfboarding, 2422
volley, 2423
whom, 2424
sidebyside, 2425
finished, 2426
companion, 2427
enjoy, 2428
carnival, 2429
spreads, 2430
propped, 2431
pizzas, 2432
design, 2433
were, 2434
pies, 2435
date, 2436
silverware, 2437
grabs, 2438
racket, 2439
racquet, 2440
court, 2441
raquet, 2442
poured, 2443
italian, 2444
presented, 2445
tomatoes, 2446
olives, 2447
christmas, 2448
gifts, 2449
holiday, 2450
ceiling, 2451
veggie, 2452
egg, 2453
pie, 2454
racquets, 2455
identical, 2456
rackets, 2457
sub, 2458
pretty, 2459
gigantic, 2460
novelty, 2461
size, 2462
females, 2463
fencing, 2464
seating, 2465
vegetarian, 2466
holder, 2467
gone, 2468
nearly, 2469
come, 2470
serve, 2471
traditional, 2472
fully, 2473
whole, 2474
uncut, 2475
paddle, 2476
cook, 2477
slicing, 2478
easy, 2479
tables, 2480
comfy, 2481
brushing, 2482
toothbrush, 2483
bored, 2484
ottoman, 2485
remotes, 2486
oval, 2487
pineapple, 2488
squatting, 2489
compartment, 2490
hut, 2491
utensil, 2492
floss, 2493
cleaner, 2494
kept, 2495
mouthwash, 2496
cool, 2497
numbered, 2498
affixed, 2499
pajamas, 2500
nightstand, 2501
bookshelves, 2502
extending, 2503
collection, 2504
residence, 2505
folks, 2506
bowling, 2507
wii, 2508
sports, 2509
preparation, 2510
interactive, 2511
video, 2512
sectional, 2513
stairs, 2514
hardwood, 2515
waist, 2516
ribbon, 2517
fabric, 2518
pressing, 2519
buttons, 2520
nintendo, 2521
wand, 2522
best, 2523
orderly, 2524
ceilings, 2525
florida, 2526
location, 2527
couches, 2528
lamps, 2529
toys, 2530
inflatable, 2531
sofas, 2532
nook, 2533
since, 2534
shinning, 2535
hockey, 2536
hard, 2537
provide, 2538
contrast, 2539
desktop, 2540
mac, 2541
wired, 2542
wireless, 2543
desks, 2544
eastern, 2545
descent, 2546
lab, 2547
screens, 2548
information, 2549
furnished, 2550
partial, 2551
project, 2552
chandelier, 2553
laptops, 2554
else, 2555
string, 2556
tries, 2557
let, 2558
kites, 2559
flown, 2560
choppy, 2561
multi, 2562
attempting, 2563
launch, 2564
parachute, 2565
onlooking, 2566
parasailing, 2567
windsurfing, 2568
sail, 2569
skinned, 2570
pushed, 2571
swing, 2572
pushes, 2573
rises, 2574
higher, 2575
any, 2576
vicinity, 2577
reaches, 2578
strange, 2579
brass, 2580
talk, 2581
classroom, 2582
split, 2583
studying, 2584
projection, 2585
cookies, 2586
projector, 2587
triangular, 2588
excitedly, 2589
patrol, 2590
jeep, 2591
dragon, 2592
bit, 2593
erected, 2594
local, 2595
fronts, 2596
batter, 2597
catcher, 2598
umpire, 2599
turn, 2600
swung, 2601
stadium, 2602
spectators, 2603
bats, 2604
referee, 2605
batters, 2606
glove, 2607
swings, 2608
misses, 2609
fixed, 2610
architectural, 2611
scaffolding, 2612
midswing, 2613
warms, 2614
overhead, 2615
stance, 2616
rolls, 2617
call, 2618
warming, 2619
tball, 2620
teaching, 2621
tee, 2622
fans, 2623
photographers, 2624
films, 2625
receive, 2626
entertaining, 2627
blood, 2628
battle, 2629
everywhere, 2630
audience, 2631
dugout, 2632
circle, 2633
poised, 2634
pepperoni, 2635
mushroom, 2636
bake, 2637
games, 2638
fulled, 2639
balances, 2640
form, 2641
returning, 2642
return, 2643
opponent, 2644
rustic, 2645
eight, 2646
homemade, 2647
came, 2648
serves, 2649
celebrates, 2650
reacts, 2651
viewed, 2652
tournament, 2653
doubles, 2654
converse, 2655
dresses, 2656
checkered, 2657
pesto, 2658
peppers, 2659
checked, 2660
follows, 2661
mushrooms, 2662
anchovies, 2663
lunging, 2664
strike, 2665
incoming, 2666
shutters, 2667
bulb, 2668
theres, 2669
seems, 2670
font, 2671
barred, 2672
mat, 2673
prints, 2674
envelope, 2675
supplies, 2676
adjacent, 2677
mugs, 2678
tablets, 2679
ladies, 2680
vases, 2681
blown, 2682
jars, 2683
shapes, 2684
extension, 2685
cords, 2686
toaster, 2687
curved, 2688
conference, 2689
devices, 2690
gesture, 2691
eagerly, 2692
rabbit, 2693
bunny, 2694
tight, 2695
happily, 2696
ribbons, 2697
alcohol, 2698
retail, 2699
symbols, 2700
pit, 2701
falling, 2702
apart, 2703
wants, 2704
plush, 2705
childrens, 2706
smart, 2707
smartphone, 2708
iphone, 2709
round, 2710
device, 2711
ipod, 2712
charging, 2713
cellphone, 2714
heels, 2715
cubicle, 2716
jones, 2717
talks, 2718
spaghetti, 2719
stood, 2720
recorder, 2721
drawing, 2722
pouch, 2723
gadgets, 2724
pocket, 2725
speaks, 2726
festival, 2727
texting, 2728
cel, 2729
ear, 2730
mobile, 2731
attachments, 2732
messing, 2733
babys, 2734
bulletin, 2735
refridgerator, 2736
fridge, 2737
magnets, 2738
countertop, 2739
studio, 2740
freezer, 2741
homes, 2742
thin, 2743
otherwise, 2744
accents, 2745
build, 2746
touring, 2747
combo, 2748
dated, 2749
lemons, 2750
lemon, 2751
pots, 2752
stock, 2753
pail, 2754
beautifully, 2755
dishes, 2756
daisy, 2757
greenery, 2758
pillar, 2759
details, 2760
scissors, 2761
labeled, 2762
pinned, 2763
pairs, 2764
prices, 2765
surgical, 2766
community, 2767
twins, 2768
whit, 2769
toddlers, 2770
radiator, 2771
heater, 2772
towers, 2773
steep, 2774
railway, 2775
infamous, 2776
ben, 2777
clocks, 2778
angle, 2779
built, 2780
nighttime, 2781
stars, 2782
dolls, 2783
doll, 2784
numbers, 2785
indicate, 2786
twelve, 2787
roman, 2788
numerals, 2789
bells, 2790
stained, 2791
either, 2792
balconies, 2793
western, 2794
entertainment, 2795
west, 2796
jar, 2797
intricately, 2798
detailed, 2799
stemmed, 2800
floral, 2801
stems, 2802
centerpiece, 2803
bouquet, 2804
artsy, 2805
representing, 2806
scissor, 2807
clippers, 2808
nuts, 2809
cigar, 2810
trimming, 2811
shavings, 2812
pencil, 2813
ruler, 2814
spool, 2815
thread, 2816
craft, 2817
sewing, 2818
contents, 2819
creative, 2820
cookie, 2821
gummy, 2822
candy, 2823
spiral, 2824
graham, 2825
cracker, 2826
themed, 2827
santa, 2828
kittens, 2829
nap, 2830
laundry, 2831
knitted, 2832
consists, 2833
dip, 2834
laden, 2835
meeting, 2836
babies, 2837
stem, 2838
stores, 2839
merchandise, 2840
flea, 2841
aisle, 2842
seats, 2843
aircraft, 2844
depart, 2845
occupied, 2846
travelers, 2847
sleeveless, 2848
cocktail, 2849
heel, 2850
pumps, 2851
neat, 2852
tidy, 2853
residential, 2854
cupboards, 2855
dishwasher, 2856
crock, 2857
maker, 2858
peering, 2859
remodel, 2860
trimmed, 2861
peeled, 2862
blender, 2863
blended, 2864
washer, 2865
inspects, 2866
groceries, 2867
fixes, 2868
cooker, 2869
smooth, 2870
countertops, 2871
mixing, 2872
stirring, 2873
booster, 2874
stool, 2875
stripped, 2876
newborn, 2877
purpose, 2878
basin, 2879
basic, 2880
odd, 2881
awful, 2882
utility, 2883
purse, 2884
rectangle, 2885
fixture, 2886
knives, 2887
magnet, 2888
seven, 2889
sharp, 2890
apron, 2891
lime, 2892
raw, 2893
liquor, 2894
lived, 2895
remains, 2896
showcasing, 2897
skills, 2898
means, 2899
reflects, 2900
boiling, 2901
burner, 2902
checking, 2903
scratching, 2904
pad, 2905
organized, 2906
bicyclist, 2907
simple, 2908
bricked, 2909
fisheye, 2910
dorm, 2911
roll, 2912
hanger, 2913
usually, 2914
found, 2915
nursing, 2916
will, 2917
wheelchair, 2918
accessible, 2919
leopard, 2920
remodeled, 2921
faucet, 2922
robe, 2923
towels, 2924
marble, 2925
powder, 2926
wallmounted, 2927
sleek, 2928
efficient, 2929
aerial, 2930
fuel, 2931
pump, 2932
tool, 2933
dresser, 2934
suv, 2935
vw, 2936
van, 2937
awesome, 2938
volkswagon, 2939
appropriate, 2940
cans, 2941
garbage, 2942
bundle, 2943
presses, 2944
urinals, 2945
smell, 2946
automatic, 2947
uk, 2948
exposure, 2949
bathed, 2950
toilets, 2951
copper, 2952
crotch, 2953
rocket, 2954
toiled, 2955
tuna, 2956
key, 2957
hole, 2958
calico, 2959
curls, 2960
sleep, 2961
wheeler, 2962
fit, 2963
got, 2964
cooler, 2965
debris, 2966
order, 2967
typical, 2968
such, 2969
snacks, 2970
highlighted, 2971
ripped, 2972
mantle, 2973
love, 2974
better, 2975
officers, 2976
castle, 2977
european, 2978
lightly, 2979
attend, 2980
grand, 2981
architecture, 2982
dots, 2983
motorcylce, 2984
cellular, 2985
cigarette, 2986
driven, 2987
motorcyclist, 2988
united, 2989
tons, 2990
motorcyclists, 2991
bandanna, 2992
gang, 2993
today, 2994
rainy, 2995
individuals, 2996
damp, 2997
subway, 2998
telephone, 2999
am, 3000
unable, 3001
crew, 3002
loading, 3003
squadron, 3004
jets, 3005
formation, 3006
smoke, 3007
cloudless, 3008
trailing, 3009
leaving, 3010
shuttle, 3011
observing, 3012
aircrafts, 3013
force, 3014
lufthansa, 3015
humongous, 3016
strip, 3017
engines, 3018
hangar, 3019
bomber, 3020
seattle, 3021
needle, 3022
washington, 3023
quite, 3024
compared, 3025
skyscraper, 3026
unison, 3027
world, 3028
german, 3029
underside, 3030
ends, 3031
crafts, 3032
streams, 3033
soaring, 3034
approach, 3035
vegetation, 3036
nature, 3037
buffalo, 3038
ha, 3039
lambs, 3040
paddock, 3041
angel, 3042
dried, 3043
leafless, 3044
zooming, 3045
push, 3046
button, 3047
turquoise, 3048
president, 3049
mid, 3050
begins, 3051
delta, 3052
rise, 3053
juvenile, 3054
clearing, 3055
huddle, 3056
surroundings, 3057
liner, 3058
crops, 3059
sailboats, 3060
strung, 3061
contemplating, 3062
markers, 3063
extreme, 3064
busses, 3065
knoll, 3066
blonde, 3067
lapse, 3068
photography, 3069
transit, 3070
cityscape, 3071
vehicular, 3072
picks, 3073
bits, 3074
london, 3075
occupy, 3076
overlooks, 3077
roaming, 3078
coats, 3079
shearing, 3080
feeder, 3081
fairly, 3082
natural, 3083
environment, 3084
camper, 3085
chopped, 3086
plank, 3087
separate, 3088
benches, 3089
overlook, 3090
bay, 3091
bricks, 3092
weeds, 3093
barriers, 3094
doubledecker, 3095
semi, 3096
england, 3097
dalmatian, 3098
department, 3099
usa, 3100
hikers, 3101
allows, 3102
unused, 3103
stones, 3104
lamppost, 3105
probably, 3106
separated, 3107
steam, 3108
waterway, 3109
leafy, 3110
buss, 3111
site, 3112
boulders, 3113
exit, 3114
feild, 3115
graffitied, 3116
proud, 3117
free, 3118
fall, 3119
stockings, 3120
shade, 3121
finds, 3122
sparse, 3123
stump, 3124
hydrants, 3125
nut, 3126
fir, 3127
knob, 3128
worn, 3129
iron, 3130
sculptures, 3131
gulls, 3132
camp, 3133
grounds, 3134
tagged, 3135
tag, 3136
modified, 3137
so, 3138
changed, 3139
handwritten, 3140
letters, 3141
peeping, 3142
seed, 3143
seeds, 3144
metropolitan, 3145
prepared, 3146
ways, 3147
tilted, 3148
lean, 3149
names, 3150
extended, 3151
perfect, 3152
warns, 3153
owners, 3154
keep, 3155
raising, 3156
detour, 3157
say, 3158
tide, 3159
pelican, 3160
observed, 3161
roadside, 3162
miss, 3163
route, 3164
taped, 3165
duct, 3166
relax, 3167
tip, 3168
boar, 3169
did, 3170
camouflaged, 3171
hummingbird, 3172
humming, 3173
grouping, 3174
falcon, 3175
parrot, 3176
hawk, 3177
exotic, 3178
silly, 3179
slight, 3180
owl, 3181
tips, 3182
citrus, 3183
seagull, 3184
sheared, 3185
goat, 3186
skinny, 3187
wheat, 3188
secluded, 3189
blending, 3190
seashore, 3191
prominently, 3192
llamas, 3193
fog, 3194
misty, 3195
gentlemen, 3196
eachother, 3197
bushel, 3198
dumpster, 3199
barrels, 3200
random, 3201
hook, 3202
supply, 3203
barricades, 3204
sidewalks, 3205
grates, 3206
caboose, 3207
observation, 3208
charming, 3209
movie, 3210
rounds, 3211
dull, 3212
training, 3213
necessary, 3214
connected, 3215
encased, 3216
buried, 3217
punk, 3218
tagging, 3219
graffitti, 3220
blossoms, 3221
fifteen, 3222
minutes, 3223
sticker, 3224
rainbow, 3225
dont, 3226
often, 3227
warehouse, 3228
equipped, 3229
cherry, 3230
picker, 3231
blackandwhite, 3232
tuxedo, 3233
sheer, 3234
bandana, 3235
wander, 3236
rays, 3237
shine, 3238
fading, 3239
goblet, 3240
statute, 3241
paw, 3242
onward, 3243
trailers, 3244
calfs, 3245
reddish, 3246
chrome, 3247
rims, 3248
naps, 3249
curled, 3250
spotted, 3251
balcony, 3252
windowsill, 3253
package, 3254
inches, 3255
paved, 3256
adorable, 3257
browsing, 3258
mass, 3259
unidentifiable, 3260
tethered, 3261
hes, 3262
played, 3263
enough, 3264
now, 3265
pug, 3266
bearded, 3267
bulldog, 3268
anchored, 3269
socialize, 3270
wallpaper, 3271
isle, 3272
pews, 3273
ceremony, 3274
garb, 3275
cuddled, 3276
longhorn, 3277
horns, 3278
focus, 3279
reception, 3280
blazer, 3281
portrait, 3282
bald, 3283
sections, 3284
rowboats, 3285
beached, 3286
soaked, 3287
artist, 3288
stylized, 3289
coverings, 3290
toasting, 3291
celebration, 3292
raise, 3293
toast, 3294
carefully, 3295
customers, 3296
sells, 3297
bottled, 3298
tapes, 3299
wrap, 3300
backseat, 3301
gown, 3302
slide, 3303
unique, 3304
motorboat, 3305
husband, 3306
sweaters, 3307
archway, 3308
couples, 3309
matching, 3310
gentleman, 3311
wear, 3312
content, 3313
businessman, 3314
collar, 3315
handful, 3316
robot, 3317
wars, 3318
club, 3319
cafe, 3320
shading, 3321
tress, 3322
channel, 3323
cubes, 3324
electrical, 3325
kissing, 3326
kiss, 3327
sharing, 3328
dryer, 3329
fur, 3330
bordered, 3331
lining, 3332
heeled, 3333
lagoon, 3334
wit, 3335
gull, 3336
separating, 3337
lobby, 3338
leaf, 3339
snuggling, 3340
though, 3341
alleyway, 3342
cobbled, 3343
dragging, 3344
cobble, 3345
dressing, 3346
concerned, 3347
oddly, 3348
breast, 3349
snout, 3350
designated, 3351
tailgate, 3352
artificial, 3353
cheek, 3354
leash, 3355
sunshine, 3356
caption, 3357
sanding, 3358
rubber, 3359
dummy, 3360
frisby, 3361
frisbe, 3362
paws, 3363
relaxes, 3364
leashes, 3365
lace, 3366
packs, 3367
duffle, 3368
boardwalk, 3369
upholstered, 3370
muzzle, 3371
lip, 3372
carousel, 3373
good, 3374
areas, 3375
conveyor, 3376
steal, 3377
reclines, 3378
conveyer, 3379
had, 3380
surrounds, 3381
darth, 3382
vader, 3383
grizzly, 3384
installing, 3385
hoof, 3386
nest, 3387
cave, 3388
lazily, 3389
runs, 3390
doggy, 3391
cub, 3392
chillin, 3393
peer, 3394
families, 3395
service, 3396
visiting, 3397
session, 3398
shit, 3399
boars, 3400
leaping, 3401
mall, 3402
plaza, 3403
keeps, 3404
antelopes, 3405
hog, 3406
draw, 3407
examine, 3408
tossing, 3409
legos, 3410
blocks, 3411
frisbees, 3412
cluster, 3413
ostrich, 3414
moment, 3415
rich, 3416
murky, 3417
splashing, 3418
reins, 3419
colt, 3420
nurses, 3421
momma, 3422
leaned, 3423
monument, 3424
cowboy, 3425
fo, 3426
sure, 3427
shes, 3428
safe, 3429
backs, 3430
rodeo, 3431
sturdy, 3432
fitted, 3433
twist, 3434
crackers, 3435
greens, 3436
progress, 3437
lego, 3438
dachshund, 3439
veggies, 3440
map, 3441
crates, 3442
pineapples, 3443
cups, 3444
waffle, 3445
cone, 3446
daughter, 3447
topping, 3448
vanilla, 3449
strawberry, 3450
shoot, 3451
spewing, 3452
speak, 3453
climate, 3454
gears, 3455
hiking, 3456
skiis, 3457
host, 3458
bins, 3459
grapefruit, 3460
pine, 3461
glide, 3462
wheelbarrow, 3463
collecting, 3464
evergreen, 3465
macaroni, 3466
sushi, 3467
cantaloupe, 3468
peaches, 3469
powered, 3470
pork, 3471
meaty, 3472
uniquely, 3473
friend, 3474
jelly, 3475
packets, 3476
bagel, 3477
healthy, 3478
potato, 3479
crosscountry, 3480
spatula, 3481
brocolli, 3482
pea, 3483
skillet, 3484
mountainside, 3485
chopsticks, 3486
tent, 3487
buying, 3488
farmers, 3489
cakes, 3490
eagle, 3491
mark, 3492
hunched, 3493
flip, 3494
casserole, 3495
roasted, 3496
cheesy, 3497
pitching, 3498
stretches, 3499
lift, 3500
sideways, 3501
then, 3502
delivering, 3503
telling, 3504
gloved, 3505
cabbage, 3506
root, 3507
turnips, 3508
crown, 3509
shack, 3510
knifes, 3511
stabbed, 3512
shell, 3513
tossed, 3514
parmesan, 3515
lite, 3516
cranberry, 3517
curry, 3518
untouched, 3519
competitors, 3520
sporting, 3521
skiiers, 3522
engaged, 3523
competitive, 3524
dome, 3525
destination, 3526
born, 3527
crumbs, 3528
noodles, 3529
croutons, 3530
adolescent, 3531
jeans, 3532
pipe, 3533
practice, 3534
concentrates, 3535
midair, 3536
quickly, 3537
speeding, 3538
stunts, 3539
wake, 3540
garnished, 3541
tomato, 3542
brand, 3543
spending, 3544
wonderful, 3545
sustenance, 3546
strawberries, 3547
bento, 3548
cucumbers, 3549
sloped, 3550
barbeque, 3551
shirtless, 3552
bell, 3553
patches, 3554
cotton, 3555
loose, 3556
stuffing, 3557
cutouts, 3558
capped, 3559
depicts, 3560
downhill, 3561
balance, 3562
performs, 3563
grinds, 3564
pic, 3565
chairlift, 3566
trek, 3567
climbing, 3568
trekking, 3569
column, 3570
slider, 3571
burgers, 3572
hamburgers, 3573
pickles, 3574
mustard, 3575
instructor, 3576
haired, 3577
preforming, 3578
hovers, 3579
gourmet, 3580
nestled, 3581
hotdogs, 3582
aluminum, 3583
foil, 3584
tinfoil, 3585
sauerkraut, 3586
inserted, 3587
baker, 3588
filling, 3589
breaded, 3590
senior, 3591
jam, 3592
ham, 3593
sloppy, 3594
snowsuit, 3595
holes, 3596
saucer, 3597
berries, 3598
parents, 3599
father, 3600
feast, 3601
blade, 3602
tier, 3603
biscuits, 3604
rushing, 3605
flavors, 3606
opening, 3607
pepper, 3608
turkey, 3609
guacamole, 3610
cole, 3611
slaw, 3612
kit, 3613
should, 3614
celebrate, 3615
ion, 3616
munching, 3617
mess, 3618
college, 3619
swimsuit, 3620
newlywed, 3621
wife, 3622
robotic, 3623
rectangular, 3624
iced, 3625
proudly, 3626
presents, 3627
special, 3628
comforter, 3629
unkempt, 3630
unmade, 3631
drag, 3632
bedside, 3633
traveler, 3634
checkerboard, 3635
dressers, 3636
ex, 3637
entirely, 3638
shipping, 3639
envelopes, 3640
fedex, 3641
drawer, 3642
oar, 3643
extravagant, 3644
ornately, 3645
carpeting, 3646
colonial, 3647
boogie, 3648
wakeboard, 3649
current, 3650
raft, 3651
overlooked, 3652
rundown, 3653
employees, 3654
uncooked, 3655
crust, 3656
exiting, 3657
beard, 3658
swimmers, 3659
wallpapered, 3660
aiming, 3661
aimed, 3662
mans, 3663
ith, 3664
student, 3665
study, 3666
typing, 3667
hall, 3668
spinach, 3669
heavily, 3670
peel, 3671
handmade, 3672
already, 3673
fits, 3674
restaraunt, 3675
oriental, 3676
bacon, 3677
bakes, 3678
winds, 3679
gooey, 3680
olive, 3681
super, 3682
mario, 3683
wiimote, 3684
instruction, 3685
outdated, 3686
season, 3687
overweight, 3688
fan, 3689
prepped, 3690
trim, 3691
controlled, 3692
teenage, 3693
gaming, 3694
system, 3695
boxing, 3696
golf, 3697
keyboards, 3698
piano, 3699
dimly, 3700
relaxing, 3701
handling, 3702
chute, 3703
fling, 3704
whale, 3705
glider, 3706
controlling, 3707
partly, 3708
valley, 3709
move, 3710
note, 3711
regarding, 3712
damage, 3713
guard, 3714
ropes, 3715
upscale, 3716
roped, 3717
awaiting, 3718
strikes, 3719
hoping, 3720
skyline, 3721
zombie, 3722
actors, 3723
striking, 3724
ginger, 3725
batting, 3726
sandals, 3727
ingredients, 3728
trey, 3729
australian, 3730
turf, 3731
baseline, 3732
bleachers, 3733
exterior, 3734
cobblestone, 3735
protruding, 3736
external, 3737
feature, 3738
keys, 3739
charge, 3740
minimal, 3741
human, 3742
parts, 3743
clay, 3744
snake, 3745
whose, 3746
reacting, 3747
music, 3748
audio, 3749
historic, 3750
notes, 3751
outlet, 3752
plugged, 3753
job, 3754
standard, 3755
compute, 3756
bot, 3757
destroyed, 3758
alcoholic, 3759
frosty, 3760
deco, 3761
even, 3762
recycling, 3763
faux, 3764
yet, 3765
assembled, 3766
crossed, 3767
legged, 3768
crosslegged, 3769
checks, 3770
booths, 3771
wih, 3772
rimmed, 3773
grinning, 3774
blackberry, 3775
menu, 3776
icons, 3777
samsung, 3778
missed, 3779
message, 3780
gps, 3781
caucasian, 3782
makeshift, 3783
minifridge, 3784
appliance, 3785
roast, 3786
removing, 3787
dilapidated, 3788
plaster, 3789
crumbling, 3790
disrepair, 3791
arranging, 3792
museum, 3793
substance, 3794
smoothie, 3795
helps, 3796
combing, 3797
takeout, 3798
appetizers, 3799
creamy, 3800
breads, 3801
peas, 3802
pins, 3803
clothesline, 3804
pigtails, 3805
sugary, 3806
platters, 3807
cupcakes, 3808
watery, 3809
blooming, 3810
daffodils, 3811
petals, 3812
models, 3813
dozen, 3814
captured, 3815
wilting, 3816
roses, 3817
wilted, 3818
tabletop, 3819
poodle, 3820
livingroom, 3821
selecting, 3822
buffet, 3823
glassware, 3824
pleased, 3825
hearty, 3826
croissant, 3827
melon, 3828
croissants, 3829
finishing, 3830
bearing, 3831
tasting, 3832
testing, 3833
amounts, 3834
eager, 3835
exhibition, 3836
vineyard, 3837
operates, 3838
diagonal, 3839
wheelie, 3840
hugs, 3841
chunk, 3842
butcher, 3843
untidy, 3844
builtin, 3845
halfpipe, 3846
chopping, 3847
berry, 3848
blueberry, 3849
blackberries, 3850
juicer, 3851
wiping, 3852
seethrough, 3853
leave, 3854
lavatory, 3855
tiling, 3856
cyclists, 3857
nasty, 3858
filthy, 3859
outline, 3860
entire, 3861
completely, 3862
constructed, 3863
victorian, 3864
shadows, 3865
casting, 3866
rails, 3867
profile, 3868
bathrooms, 3869
ring, 3870
crooked, 3871
litter, 3872
automobile, 3873
torn, 3874
huddled, 3875
asking, 3876
licking, 3877
wanting, 3878
hood, 3879
lifted, 3880
chevrolet, 3881
tucked, 3882
rush, 3883
fountain, 3884
int, 3885
zone, 3886
worked, 3887
packages, 3888
unwrapped, 3889
wrappers, 3890
exposed, 3891
pipes, 3892
halfway, 3893
entry, 3894
seasoning, 3895
windshield, 3896
bookcase, 3897
airborne, 3898
handlebars, 3899
motocross, 3900
rv, 3901
lifting, 3902
lookout, 3903
could, 3904
kill, 3905
speakers, 3906
spinning, 3907
landed, 3908
propellers, 3909
kangaroo, 3910
nine, 3911
military, 3912
angels, 3913
pilots, 3914
cloud, 3915
greenish, 3916
bust, 3917
unpaved, 3918
minivan, 3919
know, 3920
moon, 3921
heart, 3922
costumed, 3923
herds, 3924
tram, 3925
scenery, 3926
distant, 3927
structures, 3928
beyond, 3929
pigeons, 3930
spreading, 3931
turtle, 3932
stripe, 3933
pumpkin, 3934
pumpkins, 3935
marks, 3936
squash, 3937
takeoff, 3938
twilight, 3939
dawn, 3940
morning, 3941
hours, 3942
california, 3943
guide, 3944
trough, 3945
corral, 3946
lamb, 3947
snap, 3948
mad, 3949
vista, 3950
stormy, 3951
yaks, 3952
once, 3953
tourist, 3954
studies, 3955
herding, 3956
staff, 3957
shepherd, 3958
tends, 3959
drivers, 3960
navigate, 3961
oncoming, 3962
factory, 3963
sloping, 3964
amtrak, 3965
beat, 3966
hydrogen, 3967
scratches, 3968
create, 3969
effect, 3970
ladder, 3971
rubs, 3972
caution, 3973
womans, 3974
nose, 3975
peels, 3976
crow, 3977
mix, 3978
banner, 3979
barren, 3980
stork, 3981
lands, 3982
marshy, 3983
pop, 3984
pepsi, 3985
japanese, 3986
district, 3987
downtown, 3988
titled, 3989
jackson, 3990
east, 3991
witha, 3992
my, 3993
outcropping, 3994
bunched, 3995
unhappy, 3996
army, 3997
cgi, 3998
bad, 3999
patient, 4000
thomas, 4001
reflecting, 4002
rust, 4003
film, 4004
ruffled, 4005
underground, 4006
sniffing, 4007
sniffs, 4008
bamboo, 4009
pockets, 4010
fine, 4011
locomotive, 4012
locomotives, 4013
enters, 4014
billowing, 4015
la, 4016
cuts, 4017
roads, 4018
overhang, 4019
thai, 4020
blocking, 4021
happen, 4022
barbwire, 4023
crepes, 4024
seperate, 4025
crossroads, 4026
corners, 4027
attendants, 4028
kart, 4029
gallery, 4030
sing, 4031
page, 4032
describe, 4033
headlights, 4034
frog, 4035
puppet, 4036
jammed, 4037
buds, 4038
would, 4039
positioned, 4040
comfortably, 4041
cushioned, 4042
buckled, 4043
punch, 4044
stored, 4045
dreary, 4046
annoyed, 4047
wicker, 4048
mill, 4049
padded, 4050
lounge, 4051
theme, 4052
species, 4053
curbside, 4054
shaved, 4055
comfortable, 4056
hairless, 4057
patchwork, 4058
quilt, 4059
straw, 4060
sweeper, 4061
central, 4062
file, 4063
files, 4064
text, 4065
vcr, 4066
interacting, 4067
village, 4068
pets, 4069
saw, 4070
horned, 4071
medal, 4072
shed, 4073
hipsters, 4074
folding, 4075
paddling, 4076
circus, 4077
topper, 4078
ugly, 4079
affection, 4080
mouths, 4081
clip, 4082
underbrush, 4083
enclosures, 4084
suite, 4085
balloons, 4086
alot, 4087
splash, 4088
races, 4089
ample, 4090
national, 4091
rafts, 4092
skin, 4093
obscured, 4094
boston, 4095
spring, 4096
drizzle, 4097
swans, 4098
parasols, 4099
vacation, 4100
duffel, 4101
mount, 4102
coated, 4103
ditch, 4104
aged, 4105
stacks, 4106
exercise, 4107
larger, 4108
socializing, 4109
spare, 4110
bangs, 4111
flowery, 4112
step, 4113
shepard, 4114
sleigh, 4115
crafted, 4116
santas, 4117
outstretched, 4118
frozen, 4119
essentials, 4120
scruffy, 4121
filtered, 4122
pokes, 4123
rocking, 4124
oldfashioned, 4125
zoomed, 4126
noses, 4127
bone, 4128
contraption, 4129
conventional, 4130
shaving, 4131
leftover, 4132
add, 4133
husky, 4134
labrador, 4135
dancing, 4136
policemen, 4137
feather, 4138
rose, 4139
mane, 4140
figure, 4141
bridal, 4142
merry, 4143
layers, 4144
tiered, 4145
touched, 4146
lowering, 4147
saddled, 4148
coral, 4149
saddles, 4150
idle, 4151
visitors, 4152
oats, 4153
clump, 4154
granola, 4155
chip, 4156
parchment, 4157
climb, 4158
attempt, 4159
san, 4160
francisco, 4161
giants, 4162
stretch, 4163
shaking, 4164
unripe, 4165
flops, 4166
midst, 4167
grapes, 4168
watermelon, 4169
melons, 4170
sealed, 4171
mesh, 4172
amateur, 4173
bases, 4174
baseman, 4175
lips, 4176
gadget, 4177
knit, 4178
garment, 4179
springs, 4180
growth, 4181
ferns, 4182
strips, 4183
cucumber, 4184
zucchini, 4185
twisted, 4186
fixing, 4187
walker, 4188
harness, 4189
toe, 4190
burned, 4191
salami, 4192
pauses, 4193
wedge, 4194
leaps, 4195
packaging, 4196
florets, 4197
blend, 4198
glaze, 4199
sour, 4200
shares, 4201
stirfry, 4202
broth, 4203
rim, 4204
hamburger, 4205
ridding, 4206
consumption, 4207
asparagus, 4208
settings, 4209
navigates, 4210
olympic, 4211
turning, 4212
respective, 4213
quick, 4214
pace, 4215
competitor, 4216
olympics, 4217
circles, 4218
gentle, 4219
chops, 4220
garnish, 4221
chop, 4222
wok, 4223
allow, 4224
pain, 4225
tshirt, 4226
plated, 4227
herbs, 4228
pate, 4229
finish, 4230
reached, 4231
uphill, 4232
silhouette, 4233
launches, 4234
unusually, 4235
tack, 4236
excited, 4237
those, 4238
nothing, 4239
footlong, 4240
orders, 4241
sled, 4242
dunkin, 4243
goggles, 4244
pausing, 4245
rooster, 4246
joke, 4247
chickens, 4248
sandwhich, 4249
mozzarella, 4250
cooling, 4251
entrees, 4252
polaroid, 4253
congratulations, 4254
your, 4255
upcoming, 4256
walnut, 4257
layer, 4258
walnuts, 4259
maybe, 4260
bows, 4261
chin, 4262
cresting, 4263
excitement, 4264
blinds, 4265
pleasant, 4266
joined, 4267
surfs, 4268
foamy, 4269
breaks, 4270
hammock, 4271
burning, 4272
labels, 4273
master, 4274
except, 4275
server, 4276
barely, 4277
knocked, 4278
altered, 4279
nightstands, 4280
sneaker, 4281
bottoms, 4282
level, 4283
lavish, 4284
futuristic, 4285
nude, 4286
tangled, 4287
silk, 4288
pizzeria, 4289
feta, 4290
appetizing, 4291
paneled, 4292
struggles, 4293
connect, 4294
xbox, 4295
sample, 4296
booze, 4297
deep, 4298
basil, 4299
leafs, 4300
macbook, 4301
pro, 4302
contact, 4303
patrons, 4304
athlete, 4305
shirted, 4306
tosses, 4307
strong, 4308
medium, 4309
glue, 4310
sweat, 4311
clips, 4312
nail, 4313
polish, 4314
toiletries, 4315
stocking, 4316
hairbrush, 4317
chews, 4318
wool, 4319
rodent, 4320
ferret, 4321
gum, 4322
wrapper, 4323
brother, 4324
dance, 4325
panda, 4326
koala, 4327
shocked, 4328
controllers, 4329
mote, 4330
gives, 4331
thumbs, 4332
rugs, 4333
videogame, 4334
nunchuck, 4335
attachment, 4336
panoramic, 4337
concert, 4338
recording, 4339
via, 4340
official, 4341
government, 4342
texas, 4343
th, 4344
peacock, 4345
ray, 4346
overcast, 4347
jetty, 4348
fliers, 4349
activity, 4350
memorial, 4351
storefronts, 4352
inspect, 4353
ornamental, 4354
took, 4355
recipe, 4356
producing, 4357
cutter, 4358
meet, 4359
act, 4360
refrigerated, 4361
beers, 4362
unbaked, 4363
quiche, 4364
judge, 4365
paperwork, 4366
dvds, 4367
cylinder, 4368
suspended, 4369
stage, 4370
presentation, 4371
sided, 4372
demonic, 4373
smirk, 4374
tshirts, 4375
raincoat, 4376
stew, 4377
peanut, 4378
butter, 4379
ovens, 4380
microwaves, 4381
makeup, 4382
flyers, 4383
almond, 4384
pudding, 4385
yogurt, 4386
stocked, 4387
taller, 4388
sprayed, 4389
littered, 4390
vandalized, 4391
retrieving, 4392
holders, 4393
hairdryer, 4394
singing, 4395
corded, 4396
cloths, 4397
mothers, 4398
brushed, 4399
kiwi, 4400
peach, 4401
teapot, 4402
dial, 4403
numeral, 4404
condition, 4405
artwork, 4406
perhaps, 4407
daisies, 4408
crochet, 4409
seal, 4410
overview, 4411
binder, 4412
handled, 4413
pens, 4414
doctor, 4415
injured, 4416
instrument, 4417
blank, 4418
loaf, 4419
meatloaf, 4420
tortillas, 4421
sauces, 4422
tortilla, 4423
mexican, 4424
salsa, 4425
quesadilla, 4426
decent, 4427
omelette, 4428
omelet, 4429
pancake, 4430
everyone, 4431
scallops, 4432
terrace, 4433
class, 4434
rescue, 4435
overturned, 4436
crash, 4437
cuddling, 4438
minor, 4439
skilled, 4440
eyed, 4441
cupboard, 4442
easily, 4443
closing, 4444
spice, 4445
cameras, 4446
rods, 4447
grow, 4448
marbled, 4449
luxury, 4450
mint, 4451
seperated, 4452
divided, 4453
rounded, 4454
biking, 4455
walkers, 4456
dude, 4457
quietly, 4458
biker, 4459
pared, 4460
sparsely, 4461
soap, 4462
wreaths, 4463
digital, 4464
dove, 4465
mascot, 4466
cramped, 4467
motel, 4468
belongings, 4469
packing, 4470
checker, 4471
toiler, 4472
peers, 4473
flush, 4474
flushing, 4475
idly, 4476
glaring, 4477
upper, 4478
presenting, 4479
bidet, 4480
removed, 4481
crawling, 4482
changing, 4483
honey, 4484
switch, 4485
dispensers, 4486
motorcyle, 4487
trashcan, 4488
never, 4489
crude, 4490
chopper, 4491
businesses, 4492
honda, 4493
tripod, 4494
burners, 4495
tech, 4496
wizard, 4497
options, 4498
muffin, 4499
stoned, 4500
elevator, 4501
mosaic, 4502
entryway, 4503
blurred, 4504
movement, 4505
viewer, 4506
wrought, 4507
length, 4508
mache, 4509
socks, 4510
france, 4511
aeroplane, 4512
crowds, 4513
releasing, 4514
acrobatic, 4515
girafee, 4516
hidden, 4517
spider, 4518
closer, 4519
interested, 4520
foliage, 4521
streetlights, 4522
prop, 4523
mingling, 4524
thicket, 4525
mingle, 4526
watched, 4527
outcrop, 4528
examining, 4529
private, 4530
propellors, 4531
sequence, 4532
searching, 4533
lonely, 4534
leashed, 4535
antelope, 4536
congregate, 4537
stoplights, 4538
towns, 4539
luggages, 4540
icy, 4541
gorgeous, 4542
animated, 4543
scenic, 4544
freestanding, 4545
carved, 4546
carvings, 4547
humans, 4548
grasslands, 4549
cable, 4550
bustling, 4551
ban, 4552
banks, 4553
fleet, 4554
plot, 4555
establishment, 4556
cactus, 4557
boulder, 4558
sunken, 4559
barricade, 4560
tired, 4561
hundreds, 4562
jogging, 4563
available, 4564
stranded, 4565
coast, 4566
wrench, 4567
attendant, 4568
ofa, 4569
sin, 4570
sepia, 4571
chalk, 4572
welcoming, 4573
chalkboard, 4574
miles, 4575
dear, 4576
stating, 4577
slow, 4578
ave, 4579
investigating, 4580
bumper, 4581
yacht, 4582
hate, 4583
sister, 4584
labelled, 4585
flowering, 4586
upclose, 4587
convex, 4588
seeing, 4589
dinning, 4590
virtual, 4591
arabic, 4592
mossy, 4593
awning, 4594
erect, 4595
boulevard, 4596
clustered, 4597
target, 4598
property, 4599
india, 4600
union, 4601
pacific, 4602
moss, 4603
drain, 4604
skull, 4605
swords, 4606
pirate, 4607
expired, 4608
artistic, 4609
theater, 4610
idea, 4611
everything, 4612
trip, 4613
headlight, 4614
handbag, 4615
shark, 4616
loves, 4617
creating, 4618
viewing, 4619
complete, 4620
cushion, 4621
ordering, 4622
siamese, 4623
barbed, 4624
hello, 4625
convoy, 4626
fuzzy, 4627
canoes, 4628
admiring, 4629
dairy, 4630
barber, 4631
smeared, 4632
whiskey, 4633
gowns, 4634
puts, 4635
capital, 4636
dc, 4637
capitol, 4638
handler, 4639
procession, 4640
marching, 4641
observes, 4642
met, 4643
smoggy, 4644
hazy, 4645
boating, 4646
rivers, 4647
paid, 4648
tones, 4649
welldressed, 4650
actually, 4651
supports, 4652
inlet, 4653
sumo, 4654
wrestle, 4655
populated, 4656
pavilion, 4657
favorite, 4658
boaters, 4659
cruise, 4660
expansive, 4661
shoppers, 4662
balding, 4663
bowtie, 4664
heights, 4665
fist, 4666
trooper, 4667
dollar, 4668
bill, 4669
monkey, 4670
looked, 4671
curling, 4672
teenaged, 4673
loads, 4674
pooh, 4675
contrasting, 4676
musical, 4677
gathers, 4678
jumped, 4679
cubs, 4680
elevated, 4681
limbs, 4682
curiously, 4683
belly, 4684
company, 4685
panorama, 4686
visor, 4687
riverbank, 4688
investigates, 4689
discs, 4690
collide, 4691
youths, 4692
ostriches, 4693
nuzzles, 4694
galloping, 4695
confined, 4696
gazelle, 4697
autumn, 4698
renaissance, 4699
period, 4700
caramel, 4701
passed, 4702
label, 4703
diner, 4704
melted, 4705
descending, 4706
dense, 4707
moms, 4708
scale, 4709
weight, 4710
toothpick, 4711
feeds, 4712
standng, 4713
shredding, 4714
gnar, 4715
tint, 4716
meals, 4717
sandwhiches, 4718
halfeaten, 4719
tangerine, 4720
cheesecake, 4721
pike, 4722
quarter, 4723
drop, 4724
bunt, 4725
bundt, 4726
goatee, 4727
hovering, 4728
lighter, 4729
camping, 4730
flips, 4731
skates, 4732
teen, 4733
capture, 4734
colorfully, 4735
edited, 4736
skying, 4737
carton, 4738
gauges, 4739
vending, 4740
fixings, 4741
somebody, 4742
ma, 4743
blt, 4744
eleven, 4745
pita, 4746
soars, 4747
assembly, 4748
processing, 4749
fryer, 4750
automated, 4751
anticipation, 4752
bathrobe, 4753
skillfully, 4754
grind, 4755
instead, 4756
leap, 4757
fills, 4758
tilting, 4759
portable, 4760
autographs, 4761
backhand, 4762
danish, 4763
parasailer, 4764
windy, 4765
parasail, 4766
rotating, 4767
beverages, 4768
mason, 4769
pretzel, 4770
sparklers, 4771
sparkler, 4772
backing, 4773
pretzels, 4774
pastrami, 4775
coleslaw, 4776
dipping, 4777
marinara, 4778
dipped, 4779
smoking, 4780
sesame, 4781
leftovers, 4782
want, 4783
edges, 4784
mills, 4785
cupcake, 4786
bunk, 4787
lower, 4788
bedspread, 4789
woodland, 4790
mitts, 4791
drapes, 4792
sponge, 4793
cartoons, 4794
countries, 4795
workspace, 4796
inviting, 4797
website, 4798
sat, 4799
dvd, 4800
whine, 4801
squats, 4802
opponents, 4803
lasagna, 4804
me, 4805
unoccupied, 4806
taco, 4807
wineglass, 4808
oblong, 4809
clothed, 4810
pepperonis, 4811
kneels, 4812
units, 4813
science, 4814
eyeglasses, 4815
pretending, 4816
console, 4817
bookstore, 4818
cord, 4819
largest, 4820
affectionate, 4821
snuggles, 4822
carried, 4823
motes, 4824
learn, 4825
contemporary, 4826
paintings, 4827
goofy, 4828
convention, 4829
trade, 4830
cds, 4831
pc, 4832
flash, 4833
test, 4834
deliver, 4835
bounces, 4836
bouncing, 4837
weaving, 4838
flys, 4839
kits, 4840
illustration, 4841
rally, 4842
mast, 4843
kiteboarding, 4844
resembles, 4845
amazed, 4846
thermos, 4847
hitter, 4848
caught, 4849
womens, 4850
pitches, 4851
sexy, 4852
lunges, 4853
focusing, 4854
exchanging, 4855
comically, 4856
gift, 4857
fisherman, 4858
pliers, 4859
parent, 4860
prep, 4861
refrigerators, 4862
starts, 4863
remove, 4864
broad, 4865
daylight, 4866
tell, 4867
policeman, 4868
nokia, 4869
calculator, 4870
mixer, 4871
article, 4872
dries, 4873
comb, 4874
ancient, 4875
slim, 4876
hear, 4877
lowered, 4878
downward, 4879
clocktower, 4880
complex, 4881
matches, 4882
alter, 4883
height, 4884
dying, 4885
sunflowers, 4886
arts, 4887
redheaded, 4888
plywood, 4889
pedals, 4890
brake, 4891
pedal, 4892
starting, 4893
present, 4894
cutlery, 4895
salt, 4896
wines, 4897
taste, 4898
champagne, 4899
tone, 4900
calendar, 4901
attic, 4902
postal, 4903
mannequin, 4904
photographing, 4905
wash, 4906
flowing, 4907
wraps, 4908
vessel, 4909
marketplace, 4910
curtained, 4911
accented, 4912
handicap, 4913
change, 4914
surfaces, 4915
likes, 4916
cracked, 4917
ford, 4918
named, 4919
lowers, 4920
gothic, 4921
cruising, 4922
sunlit, 4923
unknown, 4924
outhouse, 4925
speaker, 4926
harley, 4927
davidson, 4928
stair, 4929
ridge, 4930
readies, 4931
years, 4932
michigan, 4933
follow, 4934
ferris, 4935
peoples, 4936
transportation, 4937
seem, 4938
soon, 4939
props, 4940
deckered, 4941
beanie, 4942
shelter, 4943
manicured, 4944
firehydrant, 4945
canada, 4946
valve, 4947
co, 4948
crack, 4949
bugs, 4950
clause, 4951
claus, 4952
famous, 4953
vines, 4954
vine, 4955
buoy, 4956
mcdonalds, 4957
forrest, 4958
burnt, 4959
delicate, 4960
consumed, 4961
consuming, 4962
emitting, 4963
letting, 4964
billows, 4965
enforcement, 4966
personnel, 4967
flashing, 4968
rushes, 4969
jesus, 4970
heron, 4971
swamp, 4972
rugged, 4973
forested, 4974
lighted, 4975
arrive, 4976
tulips, 4977
windmill, 4978
toll, 4979
cant, 4980
peeling, 4981
money, 4982
backed, 4983
protect, 4984
attractive, 4985
mack, 4986
camouflage, 4987
walked, 4988
beagle, 4989
longhaired, 4990
trio, 4991
mixers, 4992
machinery, 4993
delivers, 4994
logo, 4995
nears, 4996
shovel, 4997
seemingly, 4998
ashore, 4999
watercraft, 5000
satchel, 5001
sidelines, 5002
rapid, 5003
rafting, 5004
afro, 5005
liberty, 5006
photoshopped, 5007
abstract, 5008
lobster, 5009
reclining, 5010
particular, 5011
lounges, 5012
fix, 5013
depicted, 5014
looming, 5015
arched, 5016
trained, 5017
clowns, 5018
ladys, 5019
canes, 5020
batch, 5021
stillness, 5022
underwater, 5023
dripping, 5024
dives, 5025
sorting, 5026
handlers, 5027
khaki, 5028
crouches, 5029
puppies, 5030
cannot, 5031
climbs, 5032
butt, 5033
mating, 5034
nad, 5035
definitely, 5036
infront, 5037
tundra, 5038
bee, 5039
ultimate, 5040
contest, 5041
athletes, 5042
intended, 5043
stomach, 5044
freeze, 5045
wagging, 5046
darkened, 5047
floppy, 5048
trophy, 5049
backside, 5050
bronze, 5051
clippings, 5052
rhinos, 5053
llama, 5054
camel, 5055
nick, 5056
knacks, 5057
baseballs, 5058
limes, 5059
dodgers, 5060
every, 5061
stages, 5062
vendors, 5063
sell, 5064
dotted, 5065
bushels, 5066
runner, 5067
hips, 5068
infield, 5069
opposing, 5070
ethnic, 5071
monkeys, 5072
steaming, 5073
tofu, 5074
juicy, 5075
expressing, 5076
outfield, 5077
coloring, 5078
enjoyed, 5079
bud, 5080
bloody, 5081
broccolli, 5082
gravy, 5083
rare, 5084
smothered, 5085
tablecloth, 5086
nordic, 5087
dishing, 5088
radishes, 5089
waterskiing, 5090
kiteboard, 5091
para, 5092
winged, 5093
warmly, 5094
mountaintop, 5095
sight, 5096
acting, 5097
obstacle, 5098
stairwell, 5099
helicopter, 5100
accident, 5101
catsup, 5102
snowing, 5103
chicago, 5104
amazing, 5105
eighteen, 5106
summit, 5107
struggling, 5108
nerd, 5109
bakers, 5110
hash, 5111
browns, 5112
corned, 5113
chases, 5114
chase, 5115
lollipop, 5116
applying, 5117
waxing, 5118
receipt, 5119
sinking, 5120
oceans, 5121
placid, 5122
death, 5123
underwear, 5124
flickr, 5125
denim, 5126
overalls, 5127
beachgoers, 5128
crest, 5129
manmade, 5130
wetsuits, 5131
dive, 5132
windsurfer, 5133
adorn, 5134
neutral, 5135
queen, 5136
fell, 5137
slats, 5138
guitar, 5139
bigger, 5140
hawaiian, 5141
sprinkling, 5142
afghan, 5143
concept, 5144
batteries, 5145
tvs, 5146
televisions, 5147
steering, 5148
household, 5149
futon, 5150
playfully, 5151
intense, 5152
quarters, 5153
feel, 5154
alarm, 5155
oclock, 5156
butterfly, 5157
chilly, 5158
obelisk, 5159
parachutes, 5160
arrives, 5161
dropping, 5162
colgate, 5163
bunting, 5164
mets, 5165
avoid, 5166
calls, 5167
garlic, 5168
elements, 5169
easel, 5170
mounds, 5171
scratch, 5172
spooning, 5173
added, 5174
latte, 5175
stain, 5176
glassed, 5177
start, 5178
seminar, 5179
lecture, 5180
teh, 5181
pencils, 5182
removes, 5183
repairs, 5184
stovetop, 5185
disabled, 5186
cellphones, 5187
salon, 5188
crocheted, 5189
intensely, 5190
quality, 5191
product, 5192
chandeliers, 5193
processor, 5194
cube, 5195
blenders, 5196
twostory, 5197
curvy, 5198
pregnant, 5199
analog, 5200
pottery, 5201
grows, 5202
clipped, 5203
blades, 5204
needed, 5205
crafting, 5206
grains, 5207
waffles, 5208
syrup, 5209
noodle, 5210
crumbled, 5211
scrambled, 5212
ravioli, 5213
buttered, 5214
landscaped, 5215
cast, 5216
dangling, 5217
knickknacks, 5218
shears, 5219
compete, 5220
mainly, 5221
ivy, 5222
abundance, 5223
dual, 5224
basins, 5225
dingy, 5226
cycling, 5227
decked, 5228
flame, 5229
custom, 5230
panels, 5231
nearest, 5232
please, 5233
soldier, 5234
cemetery, 5235
graveyard, 5236
sock, 5237
mail, 5238
spoonful, 5239
poor, 5240
hedges, 5241
thee, 5242
cycles, 5243
decorate, 5244
flatscreen, 5245
cables, 5246
boarded, 5247
seaplane, 5248
offers, 5249
smiley, 5250
themselves, 5251
forefront, 5252
border, 5253
collie, 5254
airlines, 5255
belongs, 5256
treed, 5257
petted, 5258
loving, 5259
pawing, 5260
lightening, 5261
lightning, 5262
teachers, 5263
rearview, 5264
visitor, 5265
jug, 5266
quaint, 5267
solitary, 5268
commuters, 5269
casino, 5270
logos, 5271
antiques, 5272
battered, 5273
bloom, 5274
herded, 5275
grafitti, 5276
protected, 5277
barrier, 5278
sprays, 5279
fencedin, 5280
beaks, 5281
goose, 5282
citizens, 5283
motorists, 5284
safari, 5285
blvd, 5286
reigns, 5287
derby, 5288
guards, 5289
carriages, 5290
ago, 5291
centered, 5292
chugs, 5293
brothers, 5294
microphone, 5295
directs, 5296
advertisements, 5297
stationary, 5298
bullet, 5299
billboards, 5300
coal, 5301
tacks, 5302
nailed, 5303
passanger, 5304
calling, 5305
withe, 5306
intersecting, 5307
signed, 5308
replaced, 5309
fences, 5310
scrap, 5311
convertible, 5312
dig, 5313
blind, 5314
monster, 5315
tuxedos, 5316
streamers, 5317
slatted, 5318
fox, 5319
hooks, 5320
bison, 5321
washed, 5322
dug, 5323
messed, 5324
blouse, 5325
coastline, 5326
similarly, 5327
undone, 5328
evil, 5329
collared, 5330
paisley, 5331
teacher, 5332
auditorium, 5333
chaise, 5334
butts, 5335
alien, 5336
grandfather, 5337
en, 5338
briefcases, 5339
corona, 5340
chests, 5341
incredible, 5342
strewn, 5343
pup, 5344
keeping, 5345
fetch, 5346
gripping, 5347
piercing, 5348
grooming, 5349
gym, 5350
midjump, 5351
least, 5352
affectionately, 5353
bowing, 5354
nuzzling, 5355
equestrian, 5356
british, 5357
bucking, 5358
balanced, 5359
squeezed, 5360
lemonade, 5361
handed, 5362
pause, 5363
adjusts, 5364
youngsters, 5365
unripened, 5366
mit, 5367
contain, 5368
deserted, 5369
measuring, 5370
stirred, 5371
clown, 5372
wig, 5373
sold, 5374
cruises, 5375
clad, 5376
diagonally, 5377
parsley, 5378
runners, 5379
skaters, 5380
platforms, 5381
sales, 5382
wares, 5383
gotten, 5384
peaceful, 5385
campus, 5386
midflight, 5387
eggplant, 5388
cameraman, 5389
foam, 5390
rings, 5391
failing, 5392
unpeeled, 5393
cob, 5394
function, 5395
gestures, 5396
handing, 5397
overflowing, 5398
tater, 5399
tots, 5400
pub, 5401
engraved, 5402
brownies, 5403
curl, 5404
frothy, 5405
generated, 5406
blows, 5407
tucks, 5408
rendering, 5409
positions, 5410
bead, 5411
windowed, 5412
grandma, 5413
wipes, 5414
medical, 5415
professionals, 5416
scrubs, 5417
tether, 5418
styles, 5419
bikini, 5420
delivered, 5421
seriously, 5422
athletic, 5423
muscles, 5424
backwards, 5425
observe, 5426
uncovered, 5427
admires, 5428
confused, 5429
flatbread, 5430
accessory, 5431
swirl, 5432
bristles, 5433
un, 5434
lets, 5435
flow, 5436
thumb, 5437
basement, 5438
oak, 5439
filmed, 5440
disorganized, 5441
mantel, 5442
memorabilia, 5443
silhouetted, 5444
gliders, 5445
mlb, 5446
teammates, 5447
williams, 5448
difficult, 5449
attended, 5450
usb, 5451
tricycle, 5452
gesturing, 5453
wallet, 5454
bracelets, 5455
coins, 5456
cd, 5457
typewriter, 5458
record, 5459
passport, 5460
mature, 5461
newer, 5462
bicycling, 5463
anchor, 5464
lanyard, 5465
bought, 5466
tissues, 5467
materials, 5468
crumpled, 5469
flutes, 5470
menus, 5471
grins, 5472
handsome, 5473
gap, 5474
discussing, 5475
discussion, 5476
staged, 5477
filming, 5478
unfurnished, 5479
pendant, 5480
linoleum, 5481
instruments, 5482
locks, 5483
renovation, 5484
semicircle, 5485
burgundy, 5486
feminine, 5487
fluid, 5488
sprayer, 5489
corridor, 5490
necklaces, 5491
jewelry, 5492
dividers, 5493
hamper, 5494
widow, 5495
average, 5496
able, 5497
crashed, 5498
colliding, 5499
spanning, 5500
flushed, 5501
pours, 5502
calves, 5503
shopped, 5504
cyclist, 5505
hero, 5506
fastened, 5507
ruins, 5508
tires, 5509
staircase, 5510
lazy, 5511
access, 5512
tale, 5513
release, 5514
airliners, 5515
recreational, 5516
mamma, 5517
scape, 5518
ghost, 5519
neath, 5520
protesting, 5521
arch, 5522
flashes, 5523
instructions, 5524
welcome, 5525
pamphlets, 5526
shorn, 5527
brochures, 5528
guides, 5529
horizontal, 5530
departing, 5531
awnings, 5532
mechanical, 5533
temporary, 5534
wildflowers, 5535
mountainous, 5536
angrily, 5537
arid, 5538
airy, 5539
press, 5540
snowcovered, 5541
birdcage, 5542
fondant, 5543
tiers, 5544
protector, 5545
carving, 5546
version, 5547
japan, 5548
steet, 5549
locations, 5550
australia, 5551
sigh, 5552
county, 5553
headband, 5554
tiara, 5555
hug, 5556
shadowed, 5557
pearls, 5558
casual, 5559
gorilla, 5560
tended, 5561
chimney, 5562
trestle, 5563
guarding, 5564
signaling, 5565
proceeding, 5566
merging, 5567
boxcars, 5568
tugboat, 5569
navigating, 5570
solar, 5571
atm, 5572
satellite, 5573
kiosk, 5574
mailbox, 5575
fashionable, 5576
bubble, 5577
tipped, 5578
penn, 5579
farmland, 5580
napping, 5581
potter, 5582
cuddle, 5583
amusement, 5584
darkly, 5585
bumping, 5586
formations, 5587
source, 5588
halloween, 5589
knot, 5590
fro, 5591
hangings, 5592
sleeve, 5593
protects, 5594
tusk, 5595
relaxed, 5596
handbags, 5597
draped, 5598
lazing, 5599
law, 5600
snowstorm, 5601
oars, 5602
fern, 5603
rains, 5604
grated, 5605
tinted, 5606
wrestler, 5607
support, 5608
spectator, 5609
isolated, 5610
wolf, 5611
visit, 5612
freez, 5613
amidst, 5614
partner, 5615
proceed, 5616
wagons, 5617
racers, 5618
clydesdale, 5619
uneaten, 5620
avocado, 5621
kiwis, 5622
crepe, 5623
dolphins, 5624
dolphin, 5625
organic, 5626
princess, 5627
describing, 5628
cowgirl, 5629
mild, 5630
alpine, 5631
coupe, 5632
marathon, 5633
crashes, 5634
scenes, 5635
prominent, 5636
patty, 5637
cheeseburger, 5638
careful, 5639
roasting, 5640
kale, 5641
executing, 5642
twisting, 5643
descend, 5644
sodas, 5645
choose, 5646
partaking, 5647
pyramid, 5648
coconut, 5649
overly, 5650
coke, 5651
coca, 5652
dumplings, 5653
skewers, 5654
plat, 5655
rapids, 5656
casually, 5657
simulator, 5658
meatball, 5659
meatballs, 5660
goblets, 5661
wishes, 5662
submarine, 5663
sideline, 5664
teaches, 5665
spear, 5666
accent, 5667
wellmade, 5668
heating, 5669
peperoni, 5670
finishes, 5671
begin, 5672
song, 5673
upstairs, 5674
apartments, 5675
globe, 5676
breeze, 5677
parasails, 5678
microphones, 5679
brings, 5680
grasps, 5681
campers, 5682
oversized, 5683
award, 5684
armoire, 5685
sex, 5686
chatting, 5687
teach, 5688
whats, 5689
pretends, 5690
funky, 5691
wildly, 5692
scantily, 5693
reflect, 5694
buliding, 5695
pirates, 5696
shift, 5697
headset, 5698
await, 5699
why, 5700
teal, 5701
elaborately, 5702
gilded, 5703
milkshake, 5704
adding, 5705
alcove, 5706
quote, 5707
ping, 5708
pong, 5709
pendulum, 5710
penny, 5711
fabrics, 5712
linens, 5713
canvas, 5714
flannel, 5715
squeezing, 5716
raspberries, 5717
dips, 5718
corporate, 5719
sip, 5720
gay, 5721
superimposed, 5722
dinnerware, 5723
saucepan, 5724
seaside, 5725
shawl, 5726
backsplash, 5727
beams, 5728
pour, 5729
social, 5730
barge, 5731
lucky, 5732
pristine, 5733
reveals, 5734
sees, 5735
scheme, 5736
partition, 5737
description, 5738
dashboard, 5739
twenty, 5740
sidecar, 5741
cruiser, 5742
pane, 5743
storefront, 5744
transported, 5745
roofs, 5746
designer, 5747
mechanic, 5748
squat, 5749
earlier, 5750
pages, 5751
grave, 5752
inspecting, 5753
showcase, 5754
triumph, 5755
showroom, 5756
dropped, 5757
ana, 5758
jetliners, 5759
terminals, 5760
expensive, 5761
ascending, 5762
atmosphere, 5763
laugh, 5764
unloaded, 5765
vans, 5766
tanker, 5767
region, 5768
streetcar, 5769
ambulance, 5770
maintenance, 5771
rusting, 5772
manhole, 5773
gutter, 5774
sewer, 5775
updated, 5776
articulated, 5777
europe, 5778
sightseeing, 5779
pads, 5780
rams, 5781
poop, 5782
chick, 5783
prey, 5784
urinating, 5785
chicks, 5786
trainers, 5787
chinatown, 5788
squares, 5789
lavender, 5790
width, 5791
switching, 5792
rue, 5793
paul, 5794
google, 5795
nowhere, 5796
siding, 5797
maple, 5798
instructional, 5799
reader, 5800
steers, 5801
blocked, 5802
forklift, 5803
pallets, 5804
involving, 5805
rowboat, 5806
dalmation, 5807
prone, 5808
classy, 5809
lapel, 5810
tux, 5811
stay, 5812
sittin, 5813
cleans, 5814
chains, 5815
ankles, 5816
gondola, 5817
caring, 5818
aa, 5819
boxer, 5820
stools, 5821
dancers, 5822
sorts, 5823
ladybug, 5824
called, 5825
atrium, 5826
nibbling, 5827
interest, 5828
tot, 5829
chainlink, 5830
linked, 5831
jerseys, 5832
wildebeest, 5833
fourth, 5834
slab, 5835
provides, 5836
foal, 5837
cropped, 5838
decrepit, 5839
beets, 5840
offering, 5841
skulls, 5842
advertises, 5843
forehead, 5844
temple, 5845
jumper, 5846
diced, 5847
based, 5848
goodies, 5849
packet, 5850
servings, 5851
slalom, 5852
pound, 5853
popular, 5854
crowding, 5855
portions, 5856
handrails, 5857
propping, 5858
condiment, 5859
peace, 5860
vegtables, 5861
compartments, 5862
lunchbox, 5863
surprised, 5864
slop, 5865
choice, 5866
went, 5867
reveal, 5868
dominos, 5869
inbetween, 5870
grape, 5871
soldiers, 5872
snail, 5873
prosciutto, 5874
elder, 5875
ironing, 5876
outlined, 5877
sands, 5878
carpets, 5879
cause, 5880
paperback, 5881
hued, 5882
further, 5883
padding, 5884
slippers, 5885
innocent, 5886
pacifier, 5887
awkward, 5888
enthusiast, 5889
lshaped, 5890
components, 5891
telephones, 5892
layed, 5893
tapestry, 5894
technology, 5895
lava, 5896
mice, 5897
soul, 5898
stroller, 5899
forehand, 5900
flamingo, 5901
flapping, 5902
fronted, 5903
projected, 5904
listens, 5905
raring, 5906
rared, 5907
shake, 5908
ladle, 5909
crushed, 5910
flakes, 5911
shaker, 5912
spiky, 5913
vegan, 5914
domed, 5915
podium, 5916
crying, 5917
jean, 5918
peanuts, 5919
tins, 5920
starbucks, 5921
armor, 5922
smokes, 5923
keychain, 5924
charm, 5925
drab, 5926
general, 5927
icebox, 5928
international, 5929
cities, 5930
zones, 5931
multicolor, 5932
trinkets, 5933
opener, 5934
fountains, 5935
decorates, 5936
organization, 5937
razor, 5938
mash, 5939
cafeteria, 5940
sampling, 5941
sundaes, 5942
solid, 5943
violin, 5944
waiter, 5945
paneling, 5946
stoves, 5947
cookware, 5948
views, 5949
masks, 5950
receiving, 5951
maneuver, 5952
spaces, 5953
bmw, 5954
citys, 5955
herder, 5956
lids, 5957
intricate, 5958
slot, 5959
altitude, 5960
ewe, 5961
hazard, 5962
pics, 5963
creatively, 5964
hybrid, 5965
shooting, 5966
assisting, 5967
sheering, 5968
lampposts, 5969
tours, 5970
flanked, 5971
nuzzle, 5972
search, 5973
sedan, 5974
underpass, 5975
restaurants, 5976
roosters, 5977
patriotic, 5978
plug, 5979
cane, 5980
oxen, 5981
anime, 5982
deal, 5983
automobiles, 5984
triple, 5985
parakeets, 5986
elf, 5987
broke, 5988
perpendicular, 5989
barb, 5990
piers, 5991
lincoln, 5992
pillars, 5993
peddling, 5994
allowed, 5995
adds, 5996
conductor, 5997
loses, 5998
chipped, 5999
wiring, 6000
write, 6001
tickets, 6002
writes, 6003
multistory, 6004
lanterns, 6005
banners, 6006
parallel, 6007
squid, 6008
lumber, 6009
toyota, 6010
badly, 6011
starring, 6012
tote, 6013
wheelchairs, 6014
diesel, 6015
marquee, 6016
musician, 6017
suites, 6018
politician, 6019
shakes, 6020
saluting, 6021
bookcases, 6022
vent, 6023
waterfall, 6024
kayaking, 6025
thatched, 6026
join, 6027
stilts, 6028
rooftop, 6029
collars, 6030
buidling, 6031
staying, 6032
mules, 6033
ribs, 6034
outfielder, 6035
fielder, 6036
lesson, 6037
astride, 6038
coconuts, 6039
tar, 6040
consist, 6041
merchant, 6042
wrinkled, 6043
hey, 6044
handrail, 6045
greasy, 6046
cabbages, 6047
custard, 6048
skiies, 6049
judges, 6050
kraut, 6051
helmeted, 6052
crab, 6053
baguette, 6054
amish, 6055
sugared, 6056
eatery, 6057
bitten, 6058
volleyball, 6059
state, 6060
spices, 6061
carves, 6062
stamp, 6063
swimmer, 6064
bib, 6065
flour, 6066
jail, 6067
prison, 6068
become, 6069
cot, 6070
seasoned, 6071
whites, 6072
graphic, 6073
might, 6074
distorted, 6075
vigorously, 6076
bbq, 6077
grilling, 6078
diners, 6079
inspired, 6080
chubby, 6081
combined, 6082
manner, 6083
youngster, 6084
lilies, 6085
chocolates, 6086
cuddles, 6087
vacant, 6088
shadowy, 6089
pitched, 6090
courts, 6091
dice, 6092
dividing, 6093
graduates, 6094
providing, 6095
resturant, 6096
hike, 6097
specialty, 6098
charger, 6099
notebooks, 6100
ass, 6101
dash, 6102
temperature, 6103
slate, 6104
rooftops, 6105
pointy, 6106
placemat, 6107
captain, 6108
america, 6109
notepad, 6110
stationed, 6111
bulding, 6112
slender, 6113
beads, 6114
listen, 6115
greek, 6116
think, 6117
related, 6118
choices, 6119
thanksgiving, 6120
speedboat, 6121
rowers, 6122
arches, 6123
rat, 6124
created, 6125
potty, 6126
kisses, 6127
highest, 6128
vein, 6129
roller, 6130
linen, 6131
messenger, 6132
newspapers, 6133
cockpit, 6134
atv, 6135
doctors, 6136
nails, 6137
proceeds, 6138
descends, 6139
solo, 6140
interacts, 6141
pm, 6142
wispy, 6143
pig, 6144
stake, 6145
splayed, 6146
browse, 6147
sheered, 6148
causing, 6149
faucets, 6150
respected, 6151
march, 6152
disney, 6153
monorail, 6154
resemble, 6155
arrangements, 6156
thermometer, 6157
multitude, 6158
laps, 6159
perching, 6160
weed, 6161
picturesque, 6162
caps, 6163
collect, 6164
bumps, 6165
connecting, 6166
standstill, 6167
engineer, 6168
departure, 6169
defaced, 6170
canned, 6171
maintained, 6172
scared, 6173
god, 6174
cay, 6175
armored, 6176
bovine, 6177
workshop, 6178
folder, 6179
engage, 6180
slacks, 6181
flashlight, 6182
hip, 6183
raining, 6184
re, 6185
longboard, 6186
shetland, 6187
armchair, 6188
frisbie, 6189
penned, 6190
days, 6191
moved, 6192
hitched, 6193
trot, 6194
obstacles, 6195
aside, 6196
polo, 6197
mare, 6198
yankees, 6199
violet, 6200
teammate, 6201
snowcapped, 6202
per, 6203
prior, 6204
cheering, 6205
tupperware, 6206
executes, 6207
trouble, 6208
avoiding, 6209
tricky, 6210
rode, 6211
impressive, 6212
concession, 6213
parka, 6214
wiped, 6215
convenience, 6216
bartender, 6217
tells, 6218
bra, 6219
sucking, 6220
diapers, 6221
diaper, 6222
bump, 6223
backward, 6224
locker, 6225
rackett, 6226
aggressively, 6227
alike, 6228
composite, 6229
grasping, 6230
peripherals, 6231
guitars, 6232
sailors, 6233
waterside, 6234
parasailers, 6235
grid, 6236
proximity, 6237
spires, 6238
participate, 6239
clutching, 6240
nasa, 6241
demonstration, 6242
motorola, 6243
gatorade, 6244
rested, 6245
pedestals, 6246
ruined, 6247
markets, 6248
samples, 6249
rafters, 6250
boom, 6251
embroidered, 6252
replica, 6253
member, 6254
wedged, 6255
skewered, 6256
watermelons, 6257
thinking, 6258
rag, 6259
address, 6260
conditions, 6261
octopus, 6262
crowed, 6263
resembling, 6264
implements, 6265
thre, 6266
soaking, 6267
century, 6268
curving, 6269
dealership, 6270
plethora, 6271
ads, 6272
copy, 6273
korean, 6274
harry, 6275
admire, 6276
web, 6277
crop, 6278
flames, 6279
siblings, 6280
giraffee, 6281
rollerblading, 6282
waling, 6283
strolls, 6284
digging, 6285
moose, 6286
serene, 6287
diffrent, 6288
lizard, 6289
fifth, 6290
feeders, 6291
signpost, 6292
germany, 6293
payphone, 6294
foothills, 6295
yawning, 6296
screaming, 6297
pensive, 6298
nutritious, 6299
al, 6300
speech, 6301
scottish, 6302
winnie, 6303
sons, 6304
monk, 6305
rickshaw, 6306
turbulent, 6307
elk, 6308
dolly, 6309
bale, 6310
os, 6311
drags, 6312
sack, 6313
frolicking, 6314
frizbee, 6315
escape, 6316
links, 6317
armed, 6318
spears, 6319
shield, 6320
naval, 6321
enthusiasts, 6322
colander, 6323
strainer, 6324
navel, 6325
paraphernalia, 6326
brace, 6327
tattooed, 6328
foodstuffs, 6329
cider, 6330
avocados, 6331
snowshoes, 6332
snowmobile, 6333
valentines, 6334
shoveling, 6335
dollars, 6336
parasurfing, 6337
ponytail, 6338
ceremonial, 6339
celebratory, 6340
arranges, 6341
banquet, 6342
maneuvering, 6343
whimsical, 6344
tubes, 6345
apparatus, 6346
tend, 6347
emergency, 6348
due, 6349
royal, 6350
successful, 6351
disassembled, 6352
sony, 6353
loft, 6354
advanced, 6355
crt, 6356
amp, 6357
activities, 6358
wreath, 6359
ages, 6360
powerful, 6361
fellow, 6362
apparel, 6363
friendly, 6364
muscular, 6365
theatre, 6366
pressed, 6367
casing, 6368
biscuit, 6369
cuisine, 6370
ordinary, 6371
saucers, 6372
poorly, 6373
tp, 6374
cutout, 6375
plunger, 6376
rotten, 6377
filth, 6378
rifle, 6379
crucifix, 6380
backlit, 6381
doorways, 6382
bridges, 6383
pride, 6384
vertically, 6385
arrived, 6386
embrace, 6387
serviced, 6388
chased, 6389
airways, 6390
crammed, 6391
gazes, 6392
dinosaur, 6393
ranger, 6394
streak, 6395
longer, 6396
stoop, 6397
homeless, 6398
unload, 6399
tattered, 6400
stucco, 6401
speckled, 6402
russian, 6403
yoga, 6404
wreck, 6405
blooms, 6406
cocacola, 6407
offspring, 6408
turkeys, 6409
protest, 6410
strap, 6411
ups, 6412
paints, 6413
dumping, 6414
mulch, 6415
trucked, 6416
bookbag, 6417
records, 6418
goodbye, 6419
fold, 6420
former, 6421
guardrail, 6422
likely, 6423
flooding, 6424
boxers, 6425
grounded, 6426
skirts, 6427
postcard, 6428
snapshot, 6429
sundown, 6430
houseboat, 6431
bold, 6432
lingerie, 6433
role, 6434
eiffel, 6435
looms, 6436
wanders, 6437
laughs, 6438
health, 6439
preserve, 6440
theyre, 6441
blueberries, 6442
ump, 6443
happening, 6444
overripe, 6445
butterflies, 6446
halved, 6447
ripened, 6448
overhand, 6449
housing, 6450
sprouts, 6451
escalator, 6452
purchasing, 6453
veil, 6454
loop, 6455
trimmings, 6456
dreadlocks, 6457
rugby, 6458
mixes, 6459
waring, 6460
devil, 6461
highly, 6462
burritos, 6463
cigarettes, 6464
unbuttoned, 6465
chunks, 6466
clinging, 6467
simultaneously, 6468
gross, 6469
artisan, 6470
returned, 6471
combs, 6472
converted, 6473
crisp, 6474
companions, 6475
planted, 6476
internet, 6477
beauty, 6478
dell, 6479
contained, 6480
sunflower, 6481
donkeys, 6482
dribbles, 6483
comic, 6484
orchids, 6485
lantern, 6486
waitress, 6487
tandem, 6488
whisk, 6489
throughout, 6490
lotion, 6491
dental, 6492
handicapped, 6493
ipad, 6494
loaves, 6495
tavern, 6496
identification, 6497
launching, 6498
ale, 6499
southwest, 6500
atlantic, 6501
virgin, 6502
klm, 6503
downwards, 6504
shorter, 6505
territory, 6506
embedded, 6507
auto, 6508
auction, 6509
plastered, 6510
writings, 6511
aloft, 6512
joy, 6513
scarfs, 6514
netting, 6515
squirrel, 6516
cardinal, 6517
embankment, 6518
passage, 6519
hauls, 6520
destinations, 6521
attack, 6522
booties, 6523
whiskers, 6524
riverside, 6525
scraps, 6526
feasting, 6527
smashed, 6528
wades, 6529
mist, 6530
operator, 6531
yells, 6532
cape, 6533
tarp, 6534
transports, 6535
clapping, 6536
cove, 6537
egyptian, 6538
wrist, 6539
bracelet, 6540
swampy, 6541
tusked, 6542
upsidedown, 6543
angled, 6544
cheetah, 6545
brushy, 6546
sniff, 6547
ina, 6548
score, 6549
seasonings, 6550
roots, 6551
victory, 6552
sprout, 6553
suspension, 6554
adventure, 6555
engaging, 6556
shoots, 6557
swiss, 6558
pecks, 6559
charcoal, 6560
disposable, 6561
fires, 6562
wtih, 6563
flavor, 6564
boot, 6565
pretend, 6566
hotels, 6567
doves, 6568
unplugged, 6569
crouch, 6570
knick, 6571
cordless, 6572
soar, 6573
lookers, 6574
kitesurfing, 6575
ornaments, 6576
active, 6577
ate, 6578
overstuffed, 6579
plus, 6580
singer, 6581
handheld, 6582
obama, 6583
attraction, 6584
courthouse, 6585
oversize, 6586
squirting, 6587
mohawk, 6588
camo, 6589
attentive, 6590
teacup, 6591
cappuccino, 6592
crossbones, 6593
filter, 6594
simply, 6595
musicians, 6596
topless, 6597
domestic, 6598
proper, 6599
rotting, 6600
etched, 6601
bleeding, 6602
bubbles, 6603
dirtbike, 6604
officials, 6605
ii, 6606
sunrise, 6607
fedora, 6608
barking, 6609
original, 6610
peacocks, 6611
dyed, 6612
cuckoo, 6613
coo, 6614
limit, 6615
teeshirt, 6616
obese, 6617
penguin, 6618
brownie, 6619
ducklings, 6620
demon, 6621
straps, 6622
tights, 6623
armrest, 6624
firefighters, 6625
apparently, 6626
rig, 6627
program, 6628
walkie, 6629
stables, 6630
truly, 6631
enthusiastically, 6632
hanged, 6633
modeling, 6634
sailor, 6635
media, 6636
interviewed, 6637
torso, 6638
potential, 6639
somebodys, 6640
hisher, 6641
messages, 6642
drainage, 6643
hump, 6644
fatigues, 6645
tugging, 6646
deflated, 6647
draft, 6648
harnessed, 6649
desolate, 6650
screened, 6651
scoops, 6652
braves, 6653
mates, 6654
blossom, 6655
borders, 6656
ramen, 6657
ollie, 6658
raisins, 6659
handlebar, 6660
elbow, 6661
brave, 6662
grinder, 6663
hoagie, 6664
edible, 6665
strolling, 6666
dances, 6667
snows, 6668
spanish, 6669
krispy, 6670
kreme, 6671
occasion, 6672
lifeguard, 6673
goers, 6674
knelt, 6675
seaweed, 6676
miscellaneous, 6677
dunes, 6678
aims, 6679
jalapenos, 6680
whiteboard, 6681
final, 6682
mats, 6683
demonstrating, 6684
kettles, 6685
smartphones, 6686
ton, 6687
blowdrying, 6688
stony, 6689
fascinating, 6690
future, 6691
university, 6692
hearts, 6693
ware, 6694
vivid, 6695
aqua, 6696
stark, 6697
waking, 6698
soiled, 6699
individually, 6700
marsh, 6701
drops, 6702
era, 6703
performed, 6704
tailed, 6705
slat, 6706
illuminate, 6707
holing, 6708
brought, 6709
sparrow, 6710
egret, 6711
cupola, 6712
pallet, 6713
maps, 6714
businessmen, 6715
velvet, 6716
shrine, 6717
downed, 6718
pandas, 6719
graphics, 6720
montage, 6721
exciting, 6722
patrolling, 6723
expert, 6724
fiving, 6725
sending, 6726
creatures, 6727
cents, 6728
sledding, 6729
iwth, 6730
brussel, 6731
brussels, 6732
sleeves, 6733
completing, 6734
losing, 6735
purchased, 6736
confetti, 6737
wakeboarding, 6738
trench, 6739
mayo, 6740
mayonnaise, 6741
homeplate, 6742
paragliding, 6743
suited, 6744
glare, 6745
brunette, 6746
sliver, 6747
mousepad, 6748
daughters, 6749
protection, 6750
extend, 6751
appointed, 6752
foyer, 6753
primitive, 6754
paris, 6755
hamster, 6756
artfully, 6757
underway, 6758
journey, 6759
urn, 6760
zombies, 6761
ultra, 6762
modeled, 6763
amenities, 6764
earrings, 6765
closest, 6766
plans, 6767
taxing, 6768
charter, 6769
gazebo, 6770
slowing, 6771
detailing, 6772
flaps, 6773
scratched, 6774
witting, 6775
juts, 6776
barefooted, 6777
harnesses, 6778
sanctuary, 6779
parading, 6780
varied, 6781
picket, 6782
sings, 6783
dodge, 6784
fireworks, 6785
attracts, 6786
drums, 6787
firemen, 6788
marine, 6789
halter, 6790
bodies, 6791
spell, 6792
mowed, 6793
captures, 6794
outer, 6795
vinyl, 6796
emblem, 6797
maneuvers, 6798
lost, 6799
baord, 6800
cheddar, 6801
kneepads, 6802
duplicate, 6803
ther, 6804
sipping, 6805
sectioned, 6806
coaster, 6807
shared, 6808
loveseat, 6809
grip, 6810
settee, 6811
venue, 6812
welllit, 6813
bordering, 6814
joker, 6815
workbench, 6816
loom, 6817
palace, 6818
modest, 6819
spotless, 6820
shampoo, 6821
ankle, 6822
peeler, 6823
huts, 6824
continental, 6825
pigs, 6826
crows, 6827
peopel, 6828
peal, 6829
gras, 6830
vancouver, 6831
common, 6832
posting, 6833
prince, 6834
fe, 6835
firetrucks, 6836
vessels, 6837
kimono, 6838
sling, 6839
peaks, 6840
pomeranian, 6841
lasso, 6842
ans, 6843
sking, 6844
segments, 6845
concentrating, 6846
browned, 6847
warmer, 6848
fitting, 6849
skeleton, 6850
nike, 6851
griddle, 6852
cilantro, 6853
exactly, 6854
inn, 6855
grater, 6856
glares, 6857
tilts, 6858
crispy, 6859
birth, 6860
spotlight, 6861
motif, 6862
heat, 6863
react, 6864
save, 6865
netbook, 6866
fathers, 6867
pod, 6868
political, 6869
turban, 6870
felt, 6871
outs, 6872
yarn, 6873
lobsters, 6874
plating, 6875
exhaust, 6876
heated, 6877
skylight, 6878
totally, 6879
tubs, 6880
kickstand, 6881
contrails, 6882
sheepdog, 6883
danger, 6884
dramatic, 6885
squatted, 6886
greenhouse, 6887
inclosure, 6888
hide, 6889
woody, 6890
clover, 6891
parakeet, 6892
de, 6893
rabbits, 6894
flaming, 6895
campaign, 6896
scarves, 6897
largely, 6898
yawns, 6899
darkness, 6900
mic, 6901
document, 6902
frolic, 6903
spout, 6904
robes, 6905
chihuahua, 6906
gallop, 6907
ripening, 6908
straddling, 6909
yellowish, 6910
traversing, 6911
majestic, 6912
mein, 6913
cheer, 6914
drum, 6915
selections, 6916
dangerous, 6917
unlit, 6918
juggling, 6919
tangle, 6920
energy, 6921
southern, 6922
upset, 6923
question, 6924
shelfs, 6925
systems, 6926
thames, 6927
timer, 6928
micro, 6929
bound, 6930
tab, 6931
oxygen, 6932
drenched, 6933
appetizer, 6934
cellar, 6935
pinstripe, 6936
repaired, 6937
assists, 6938
ajar, 6939
fighters, 6940
offroad, 6941
accordion, 6942
john, 6943
protestors, 6944
tokyo, 6945
protesters, 6946
tuck, 6947
zipper, 6948
quilted, 6949
sites, 6950
oakland, 6951
algae, 6952
sunbathers, 6953
express, 6954
grimaces, 6955
butting, 6956
campground, 6957
exercising, 6958
draws, 6959
wakeboarder, 6960
nun, 6961
puzzle, 6962
pickled, 6963
wth, 6964
pills, 6965
ontop, 6966
batman, 6967
holidays, 6968
coastal, 6969
guinea, 6970
dj, 6971
stains, 6972
textured, 6973
ranges, 6974
transformed, 6975
haircut, 6976
sculpted, 6977
portraits, 6978
nurse, 6979
cardigan, 6980
organ, 6981
cubby, 6982
kneel, 6983
hutch, 6984
peson, 6985
bulbs, 6986
ducky, 6987
cobblestones, 6988
blacktop, 6989
soaps, 6990
taxiing, 6991
creates, 6992
traveled, 6993
bathe, 6994
pecking, 6995
pelicans, 6996
fowl, 6997
googly, 6998
los, 6999
angeles, 7000
alaska, 7001
messily, 7002
services, 7003
determined, 7004
canopies, 7005
geisha, 7006
prize, 7007
orphanage, 7008
needles, 7009
rapidly, 7010
mm, 7011
gardening, 7012
sparkling, 7013
surboard, 7014
decals, 7015
lavishly, 7016
gymnasium, 7017
parlor, 7018
imac, 7019
empire, 7020
selfies, 7021
canisters, 7022
dollhouse, 7023
illuminates, 7024
our, 7025
roundabout, 7026
birdhouse, 7027
drift, 7028
yield, 7029
windmills, 7030
learns, 7031
overcoat, 7032
wardrobe, 7033
plump, 7034
mule, 7035
bruised, 7036
haul, 7037
unidentified, 7038
flask, 7039
chilli, 7040
shakers, 7041
normal, 7042
slip, 7043
flyer, 7044
helped, 7045
chat, 7046
redhaired, 7047
dine, 7048
straws, 7049
luncheon, 7050
plugs, 7051
panties, 7052
dials, 7053
piping, 7054
eclectic, 7055
raspberry, 7056
ever, 7057
streamlined, 7058
exploring, 7059
straightening, 7060
telescope, 7061
folders, 7062
graduation, 7063
exits, 7064
breed, 7065
squinting, 7066
trots, 7067
hers, 7068
buggies, 7069
blinders, 7070
middleaged, 7071
wiener, 7072
mmm, 7073
guided, 7074
beet, 7075
crusts, 7076
ona, 7077
arugula, 7078
hardware, 7079
winning, 7080
comfort, 7081
promotional, 7082
clicking, 7083
catering, 7084
announcing, 7085
gnome, 7086
redone, 7087
ivory, 7088
mercedes, 7089
steeples, 7090
atvs, 7091
popping, 7092
venice, 7093
secured, 7094
mansion, 7095
herb, 7096
begging, 7097
diet, 7098
assembling, 7099
actual, 7100
chow, 7101
pops, 7102
urns, 7103
tranquil, 7104
necessities, 7105
forming, 7106
yamaha, 7107
shabby, 7108
mary, 7109
italy, 7110
rules, 7111
chevy, 7112
offered, 7113
nibbles, 7114
restored, 7115
beachfront, 7116
inverted, 7117
congregating, 7118
cookbook, 7119
discuss, 7120
zooms, 7121
badge, 7122
mismatched, 7123
relatively, 7124
task, 7125
texts, 7126
rubble, 7127
battery, 7128
protrudes, 7129
forty, 7130
im, 7131
refreshments, 7132
breasts, 7133
barstools, 7134
connection, 7135
isnt, 7136
bales, 7137
bills, 7138
chess, 7139
donation, 7140
outskirts, 7141
professionally, 7142
origami, 7143
monks, 7144
attacking, 7145
sombrero, 7146
readying, 7147
handstand, 7148
unpacked, 7149
charms, 7150
surfboarders, 7151
allowing, 7152
stomachs, 7153
remain, 7154
washes, 7155
aid, 7156
popcorn, 7157
data, 7158
artistically, 7159
crusted, 7160
recessed, 7161
knobs, 7162
spilled, 7163
dusting, 7164
perimeter, 7165
airshow, 7166
filing, 7167
centre, 7168
penguins, 7169
suckling, 7170
lipstick, 7171
subject, 7172
braces, 7173
fairy, 7174
spins, 7175
orchid, 7176
barbie, 7177
planks, 7178
trophies, 7179
whirlpool, 7180
spa, 7181
remarkable, 7182
toped, 7183
crutches, 7184
listed, 7185
investigate, 7186
wharf, 7187
joint, 7188
refueling, 7189
windsurfers, 7190
completed, 7191
espresso, 7192
dedicated, 7193
duty, 7194
outfitted, 7195
crabs, 7196
user, 7197
collected, 7198
almonds, 7199
calzone, 7200
nathans, 7201
puff, 7202
coordinating, 7203
mosquito, 7204
recreation, 7205
ink, 7206
anticipating, 7207
mango, 7208
patties, 7209
frown, 7210
kilt, 7211
cleared, 7212
protein, 7213
pylons, 7214
parliament, 7215
leisurely, 7216
magnifying, 7217
fridges, 7218
coolers, 7219
scooping, 7220
garland, 7221
lei, 7222
wineglasses, 7223
vespa, 7224
hoses, 7225
pastel, 7226
volkswagen, 7227
trumpet, 7228
youre, 7229
wonder, 7230
plater, 7231
bikinis, 7232
alligator, 7233
dinette, 7234
multilevel, 7235
hover, 7236
lo, 7237
pat, 7238
noon, 7239
detail, 7240
snoozing, 7241
pomegranates, 7242
plums, 7243
quantity, 7244
shattered, 7245
notice, 7246
magnificent, 7247
jobs, 7248
articles, 7249
trolleys, 7250
cosmetics, 7251
guns, 7252
released, 7253
girlfriend, 7254
badminton, 7255
silhouettes, 7256
outward, 7257
blindfolded, 7258
wheeling, 7259
culinary, 7260
geometric, 7261
gallon, 7262
movies, 7263
reeds, 7264
tractors, 7265
tortoiseshell, 7266
doggie, 7267
irish, 7268
slid, 7269
grits, 7270
grating, 7271
tasks, 7272
lockers, 7273
jetway, 7274
bomb, 7275
civil, 7276
nesting, 7277
mannequins, 7278
arcade, 7279
ladders, 7280
carcass, 7281
actively, 7282
powdery, 7283
satin, 7284
polished, 7285
memory, 7286
clipboard, 7287
carnations, 7288
smoked, 7289
choosing, 7290
caked, 7291
thought, 7292
grumpy, 7293
footprints, 7294
creation, 7295
properly, 7296
splits, 7297
sweeping, 7298
mailboxes, 7299
crowns, 7300
unseen, 7301
disks, 7302
colts, 7303
pomegranate, 7304
marmalade, 7305
scuba, 7306
wi, 7307
orioles, 7308
magnetic, 7309
whether, 7310
graduate, 7311
bystanders, 7312
nutella, 7313
stunning, 7314
twirling, 7315
adobe, 7316
hatch, 7317
wrote, 7318
curves, 7319
lacrosse, 7320
dew, 7321
album, 7322
conditioner, 7323
streaks, 7324
drill, 7325
mysterious, 7326
chestnut, 7327
bridled, 7328
locking, 7329
excellent, 7330
bees, 7331
duster, 7332
dye, 7333
taxidermy, 7334
disgusting, 7335
flows, 7336
nursery, 7337
banister, 7338
skii, 7339
marshmallows, 7340
cork, 7341
prepping, 7342
breath, 7343
munches, 7344
grips, 7345
aligned, 7346
surprise, 7347
cooktop, 7348
vaulted, 7349
dismantled, 7350
backsides, 7351
clutches, 7352
grade, 7353
vacuum, 7354
bleak, 7355
elizabeth, 7356
patricks, 7357
limo, 7358
exchange, 7359
greyhound, 7360
railways, 7361
cash, 7362
register, 7363
baltimore, 7364
rent, 7365
emirates, 7366
artichoke, 7367
popsicle, 7368
spelled, 7369
grease, 7370
hula, 7371
retrieve, 7372
orchard, 7373
tacos, 7374
skateboarded, 7375
footed, 7376
choo, 7377
thousands, 7378
charity, 7379
tigers, 7380
priest, 7381
vodka, 7382
dollop, 7383
vultures, 7384
airfrance, 7385
toasters, 7386
scarecrow, 7387
